2022-08-17,10:50:11,Enter ID,Free text,None,2,1,None,None,2022_08_17-10_39_27.xml,None,40,8,"(<NoteRangePerHand.ONE_NOTE: 2>, <NoteRangePerHand.TWO_NOTES: 3>, [0.5, 0.25], 'right')",,0.19047619047619047,0.1707222222222221,0.022904761904761983,0.7142857142857143,0.0,1.0983888888888889,0.0,0.0,0.0,0.0,0.0,0.0
2022-08-17,11:39:11,Enter ID,Free text,None,3,1,None,None,2022_08_17-11_39_10.xml,None,200,8,"(<NoteRangePerHand.ONE_NOTE: 2>, <NoteRangePerHand.C_TO_G: 6>, [0.25], 'right')",,0.0,0.006166666666666654,0.0,1.0952380952380953,0.0,1.101404761904762,0.0,0.0,0.0,0.0,0.0,0.0
2022-08-17,11:52:52,Enter ID,Free text,None,2,1,None,None,2022_08_17-11_52_51.xml,None,40,8,"(<NoteRangePerHand.ONE_NOTE: 2>, <NoteRangePerHand.TWO_NOTES: 3>, [0.5, 0.25], 'right')",,0.14814814814814814,0.22999999999999998,0.009296296296296276,1.7407407407407407,0.0,2.128185185185185,0.0,0.0,0.0,0.0,0.0,0.0
2022-08-17,12:11:27,Enter ID,Free text,None,4,1,1,6,2022_08_17-12_11_08.xml,None,60,8,"(<NoteRangePerHand.ONE_NOTE: 2>, <NoteRangePerHand.TWO_NOTES: 3>, [0.25], 'right')",,0.0,0.3214166666666667,0.05705555555555564,0.0,0.0,0.3784722222222223,0.0,0.0,0.0,0.0,0.0,0.0
2022-08-17,12:16:09,1,Free text,Calibration,6,1,4,5,2022_08_17-12_15_57.xml,None,166,8,"(<NoteRangePerHand.ONE_NOTE: 2>, <NoteRangePerHand.C_TO_G: 6>, [0.5, 0.25], 'right')",,0.2,0.08101874999999992,0.04267366666666671,1.2,0.0,1.5236924166666665,0.0,0.0,0.0,0.0,0.0,0.0
2022-08-17,12:16:49,1,Free text,Calibration,6,2,4,5,2022_08_17-12_15_57.xml,None,166,8,"(<NoteRangePerHand.ONE_NOTE: 2>, <NoteRangePerHand.C_TO_G: 6>, [0.5, 0.25], 'right')",,0.06666666666666667,0.07905277777777764,0.061881000000000165,1.2666666666666666,0.06666666666666667,1.5409337777777776,0.0,0.0,0.0,0.0,0.0,0.0
2022-08-17,12:17:17,1,Free text,Calibration,6,3,3,5,2022_08_17-12_15_57.xml,None,166,8,"(<NoteRangePerHand.ONE_NOTE: 2>, <NoteRangePerHand.C_TO_G: 6>, [0.5, 0.25], 'right')",,0.06666666666666667,0.08635513888888886,0.03092566666666678,1.2,0.0,1.3839474722222223,0.0,0.0,0.0,0.0,0.0,0.0
2022-08-17,12:19:55,1,Free text,Calibration,7,1,6,3,2022_08_17-12_19_48.xml,None,232,8,"(<NoteRangePerHand.ONE_NOTE: 2>, <NoteRangePerHand.C_TO_G: 6>, [0.5, 0.25], 'right')",,0.0,0.12984333333333334,0.01475304347826097,0.043478260869565216,0.0,0.18807463768115953,0.0,0.0,0.0,0.0,0.0,0.0
2022-08-17,12:20:14,1,Free text,Calibration,7,2,6,3,2022_08_17-12_19_48.xml,None,232,8,"(<NoteRangePerHand.ONE_NOTE: 2>, <NoteRangePerHand.C_TO_G: 6>, [0.5, 0.25], 'right')",,0.0,0.13856555555555564,0.02326434782608691,0.043478260869565216,0.0,0.20530816425120776,0.0,0.0,0.0,0.0,0.0,0.0
2022-08-17,12:20:34,1,Free text,Calibration,7,3,6,4,2022_08_17-12_19_48.xml,None,232,8,"(<NoteRangePerHand.ONE_NOTE: 2>, <NoteRangePerHand.C_TO_G: 6>, [0.5, 0.25], 'right')",,0.0,0.13814888888888882,0.01504695652173908,0.043478260869565216,0.0,0.1966741062801931,0.0,0.0,0.0,0.0,0.0,0.0
2022-08-17,12:20:57,1,Free text,Calibration,7,4,6,4,2022_08_17-12_19_48.xml,None,232,8,"(<NoteRangePerHand.ONE_NOTE: 2>, <NoteRangePerHand.C_TO_G: 6>, [0.5, 0.25], 'right')",,0.0,0.1387599999999999,0.017893913043478354,0.043478260869565216,0.0,0.20013217391304347,0.0,0.0,0.0,0.0,0.0,0.0
2022-08-17,12:23:36,1,Free text,Calibration,8,1,7,2,2022_08_17-12_21_45.xml,None,265,8,"(<NoteRangePerHand.ONE_NOTE: 2>, <NoteRangePerHand.C_TO_G: 6>, [0.5, 0.25], 'right')",,0.0,0.049679722222222326,0.031319705882352916,0.0,0.0,0.08099942810457525,0.0,0.0,0.0,0.0,0.0,0.0
2022-08-17,12:23:56,1,Free text,Calibration,8,2,7,2,2022_08_17-12_21_45.xml,None,265,8,"(<NoteRangePerHand.ONE_NOTE: 2>, <NoteRangePerHand.C_TO_G: 6>, [0.5, 0.25], 'right')",,0.0,0.039471666666666703,0.037477352941176385,0.11764705882352941,0.0,0.1945960784313725,0.0,0.0,0.0,0.0,0.0,0.0
2022-08-17,12:24:13,1,Free text,Calibration,8,3,7,3,2022_08_17-12_21_45.xml,None,265,8,"(<NoteRangePerHand.ONE_NOTE: 2>, <NoteRangePerHand.C_TO_G: 6>, [0.5, 0.25], 'right')",,0.0,0.0498694444444444,0.02413323529411758,0.0,0.0,0.07400267973856198,0.0,0.0,0.0,0.0,0.0,0.0
2022-08-17,12:29:12,1,Free text,Practice,9,1,5,5,2022_08_17-12_28_39.xml,None,248,8,"(<NoteRangePerHand.ONE_NOTE: 2>, <NoteRangePerHand.C_TO_G: 6>, [0.5, 0.25], 'right')",,0.0,0.11697722222222204,0.016872500000000127,0.0,0.0,0.13384972222222216,0.0,0.0,0.0,0.0,0.0,0.0
2022-08-17,12:29:44,1,Free text,Practice,9,2,3,5,2022_08_17-12_28_39.xml,None,248,8,"(<NoteRangePerHand.ONE_NOTE: 2>, <NoteRangePerHand.C_TO_G: 6>, [0.5, 0.25], 'right')",,0.0,0.03714069444444443,0.07271727272727271,0.09090909090909091,0.0,0.20076705808080805,0.0,0.0,0.0,0.0,0.0,0.0
2022-08-17,12:30:18,1,Free text,Practice,9,3,3,3,2022_08_17-12_28_39.xml,None,248,8,"(<NoteRangePerHand.ONE_NOTE: 2>, <NoteRangePerHand.C_TO_G: 6>, [0.5, 0.25], 'right')",,0.22727272727272727,0.03620166666666666,0.03501363636363642,0.18181818181818182,0.0,0.48030621212121216,0.0,0.0,0.0,0.0,0.0,0.0
2022-08-17,12:30:49,1,Free text,Practice,9,4,3,4,2022_08_17-12_28_39.xml,None,248,8,"(<NoteRangePerHand.ONE_NOTE: 2>, <NoteRangePerHand.C_TO_G: 6>, [0.5, 0.25], 'right')",,0.13636363636363635,0.026257222222222203,0.018519545454545594,0.13636363636363635,0.0,0.3175040404040405,0.0,0.0,0.0,0.0,0.0,0.0
2022-08-17,12:31:17,1,Free text,Practice,9,5,3,4,2022_08_17-12_28_39.xml,None,248,8,"(<NoteRangePerHand.ONE_NOTE: 2>, <NoteRangePerHand.C_TO_G: 6>, [0.5, 0.25], 'right')",,0.18181818181818182,0.03203319444444446,0.01824090909090914,0.13636363636363635,0.0,0.3684559217171718,0.0,0.0,0.0,0.0,0.0,0.0
2022-08-17,12:32:23,1,Free text,Test,10,1,4,4,2022_08_17-12_28_39.xml,None,248,8,"(<NoteRangePerHand.ONE_NOTE: 2>, <NoteRangePerHand.C_TO_G: 6>, [0.5, 0.25], 'right')",,0.22727272727272727,0.04389319444444433,0.020799318181818217,1.2272727272727273,0.045454545454545456,1.5646925126262625,0.0,0.0,0.0,0.0,0.0,0.0
2022-08-17,12:35:09,1,Free text,Test,11,1,4,4,2022_08_17-12_35_01.xml,None,248,8,"(<NoteRangePerHand.ONE_NOTE: 2>, <NoteRangePerHand.C_TO_G: 6>, [0.5, 0.25], 'right')",,0.0,0.09179180555555548,0.04262916666666688,0.0,0.0,0.13442097222222235,0.0,0.0,0.0,0.0,0.0,0.0
2022-08-17,12:35:28,1,Free text,Test,11,2,4,2,2022_08_17-12_35_01.xml,None,248,8,"(<NoteRangePerHand.ONE_NOTE: 2>, <NoteRangePerHand.C_TO_G: 6>, [0.5, 0.25], 'right')",,0.0,0.07910458333333326,0.03509027777777792,0.1111111111111111,0.0,0.2253059722222223,0.0,0.0,0.0,0.0,0.0,0.0
2022-08-17,12:35:50,1,Free text,Test,11,3,4,3,2022_08_17-12_35_01.xml,None,248,8,"(<NoteRangePerHand.ONE_NOTE: 2>, <NoteRangePerHand.C_TO_G: 6>, [0.5, 0.25], 'right')",,0.0,0.07630083333333326,0.02925111111111114,0.05555555555555555,0.0,0.16110749999999996,0.0,0.0,0.0,0.0,0.0,0.0
2022-08-17,12:38:46,1,Free text,Practice,12,1,2,6,2022_08_17-12_38_38.xml,None,174,8,"(<NoteRangePerHand.ONE_NOTE: 2>, <NoteRangePerHand.C_TO_G: 6>, [0.5, 0.25], 'right')",,0.0,0.17349097222222246,0.01902531999999982,0.0,0.0,0.19251629222222227,0.0,0.0,0.0,0.0,0.0,0.0
2022-08-17,12:39:09,1,Free text,Practice,12,2,2,6,2022_08_17-12_38_38.xml,None,174,8,"(<NoteRangePerHand.ONE_NOTE: 2>, <NoteRangePerHand.C_TO_G: 6>, [0.5, 0.25], 'right')",,0.0,0.16782430555555583,0.017425319999999873,0.0,0.0,0.1852496255555557,0.0,0.0,0.0,0.0,0.0,0.0
2022-08-17,12:39:30,1,Free text,Practice,12,3,1,6,2022_08_17-12_38_38.xml,None,174,8,"(<NoteRangePerHand.ONE_NOTE: 2>, <NoteRangePerHand.C_TO_G: 6>, [0.5, 0.25], 'right')",,0.0,0.16401875000000027,0.01886531999999983,0.0,0.0,0.1828840700000001,0.0,0.0,0.0,0.0,0.0,0.0
2022-08-17,12:39:52,1,Free text,Practice,12,4,1,7,2022_08_17-12_38_38.xml,None,174,8,"(<NoteRangePerHand.ONE_NOTE: 2>, <NoteRangePerHand.C_TO_G: 6>, [0.5, 0.25], 'right')",,0.0,0.1630743055555558,0.01709147999999967,0.0,0.0,0.18016578555555546,0.0,0.0,0.0,0.0,0.0,0.0
2022-08-17,12:40:15,1,Free text,Practice,12,5,1,7,2022_08_17-12_38_38.xml,None,174,8,"(<NoteRangePerHand.ONE_NOTE: 2>, <NoteRangePerHand.C_TO_G: 6>, [0.5, 0.25], 'right')",,0.0,0.16314802777777798,0.019932999999999774,0.0,0.0,0.18308102777777777,0.0,0.0,0.0,0.0,0.0,0.0
2022-08-17,12:41:05,1,Free text,Test,13,1,4,5,2022_08_17-12_38_38.xml,None,248,8,"(<NoteRangePerHand.ONE_NOTE: 2>, <NoteRangePerHand.C_TO_G: 6>, [0.5, 0.25], 'right')",,0.04,0.11214930555555548,0.02100780000000005,1.12,0.0,1.2931571055555557,0.0,0.0,0.0,0.0,0.0,0.0
2022-08-17,12:43:10,1,Free text,Practice,14,1,5,3,2022_08_17-12_43_05.xml,None,248,8,"(<NoteRangePerHand.ONE_NOTE: 2>, <NoteRangePerHand.C_TO_G: 6>, [0.5, 0.25], 'right')",,0.0,0.07412152777777765,0.04794156250000001,0.0,0.0,0.12206309027777766,0.0,0.0,0.0,0.0,0.0,0.0
2022-08-17,12:43:31,1,Free text,Practice,14,2,5,4,2022_08_17-12_43_05.xml,None,248,8,"(<NoteRangePerHand.ONE_NOTE: 2>, <NoteRangePerHand.C_TO_G: 6>, [0.5, 0.25], 'right')",,0.0,0.06836000000000003,0.03699437500000016,0.0625,0.0,0.1678543750000002,0.0,0.0,0.0,0.0,0.0,0.0
2022-08-17,12:43:48,1,Free text,Practice,14,3,5,4,2022_08_17-12_43_05.xml,None,248,8,"(<NoteRangePerHand.ONE_NOTE: 2>, <NoteRangePerHand.C_TO_G: 6>, [0.5, 0.25], 'right')",,0.0,0.071774861111111,0.03343593749999994,0.0,0.0,0.10521079861111095,0.0,0.0,0.0,0.0,0.0,0.0
2022-08-17,12:44:07,1,Free text,Practice,14,4,5,2,2022_08_17-12_43_05.xml,None,248,8,"(<NoteRangePerHand.ONE_NOTE: 2>, <NoteRangePerHand.C_TO_G: 6>, [0.5, 0.25], 'right')",,0.125,0.08041375,0.05941156250000004,0.0,0.0,0.2648253125000001,0.0,0.0,0.0,0.0,0.0,0.0
2022-08-17,12:44:26,1,Free text,Practice,14,5,5,3,2022_08_17-12_43_05.xml,None,248,8,"(<NoteRangePerHand.ONE_NOTE: 2>, <NoteRangePerHand.C_TO_G: 6>, [0.5, 0.25], 'right')",,0.0,0.07087694444444437,0.05465750000000004,0.0625,0.0,0.1880344444444444,0.0,0.0,0.0,0.0,0.0,0.0
2022-08-17,12:45:00,1,Free text,Test,15,1,5,3,2022_08_17-12_43_05.xml,None,248,8,"(<NoteRangePerHand.ONE_NOTE: 2>, <NoteRangePerHand.C_TO_G: 6>, [0.5, 0.25], 'right')",,0.25,0.0728044444444444,0.031453749999999975,1.3125,0.0625,1.7292581944444443,0.0,0.0,0.0,0.0,0.0,0.0
2022-08-17,12:47:12,1,Free text,Practice,16,1,7,2,2022_08_17-12_47_07.xml,None,322,8,"(<NoteRangePerHand.ONE_NOTE: 2>, <NoteRangePerHand.C_TO_G: 6>, [0.5, 0.25], 'right')",,0.3333333333333333,0.06520486111111097,0.04451291666666665,0.16666666666666666,0.0,0.6097177777777776,0.0,0.0,0.0,0.0,0.0,0.0
2022-08-17,12:47:28,1,Free text,Practice,16,2,7,1,2022_08_17-12_47_07.xml,None,322,8,"(<NoteRangePerHand.ONE_NOTE: 2>, <NoteRangePerHand.C_TO_G: 6>, [0.5, 0.25], 'right')",,0.5416666666666666,0.08083458333333325,0.04547187500000005,0.08333333333333333,0.0,0.7513064583333333,0.0,0.0,0.0,0.0,0.0,0.0
2022-08-17,12:47:46,1,Free text,Practice,16,3,7,1,2022_08_17-12_47_07.xml,None,322,8,"(<NoteRangePerHand.ONE_NOTE: 2>, <NoteRangePerHand.C_TO_G: 6>, [0.5, 0.25], 'right')",,0.16666666666666666,0.0789734722222222,0.06288750000000008,0.08333333333333333,0.0,0.39186097222222227,0.0,0.0,0.0,0.0,0.0,0.0
2022-08-17,12:48:03,1,Free text,Practice,16,4,7,1,2022_08_17-12_47_07.xml,None,322,8,"(<NoteRangePerHand.ONE_NOTE: 2>, <NoteRangePerHand.C_TO_G: 6>, [0.5, 0.25], 'right')",,0.2916666666666667,0.07419569444444434,0.04931854166666675,0.08333333333333333,0.0,0.4985142361111111,0.0,0.0,0.0,0.0,0.0,0.0
2022-08-17,12:48:23,1,Free text,Practice,16,5,7,3,2022_08_17-12_47_07.xml,None,322,8,"(<NoteRangePerHand.ONE_NOTE: 2>, <NoteRangePerHand.C_TO_G: 6>, [0.5, 0.25], 'right')",,0.0,0.08120499999999989,0.03704020833333348,0.041666666666666664,0.0,0.15991187500000004,0.0,0.0,0.0,0.0,0.0,0.0
2022-08-17,12:49:01,1,Free text,Test,17,1,6,2,2022_08_17-12_47_07.xml,None,248,8,"(<NoteRangePerHand.ONE_NOTE: 2>, <NoteRangePerHand.C_TO_G: 6>, [0.5, 0.25], 'right')",,0.4583333333333333,0.09945847222222216,0.022055208333333232,1.25,0.041666666666666664,1.8715136805555554,0.0,0.0,0.0,0.0,0.0,0.0
2022-08-17,12:49:24,1,Free text,Test,17,2,6,3,2022_08_17-12_47_07.xml,None,248,8,"(<NoteRangePerHand.ONE_NOTE: 2>, <NoteRangePerHand.C_TO_G: 6>, [0.5, 0.25], 'right')",,0.20833333333333334,0.09178999999999989,0.06025979166666678,1.25,0.0,1.610383125,0.0,0.0,0.0,0.0,0.0,0.0
2022-08-17,12:53:28,1,Free text,Retention,18,1,4,6,2022_08_17-12_53_21.xml,None,248,8,"(<NoteRangePerHand.ONE_NOTE: 2>, <NoteRangePerHand.C_TO_G: 6>, [0.5, 0.25], 'right')",D:/Jason/comp_scaffold/DexmoPiano/output/2022_08_17-12_28_39.mid,0.0,0.038315277777777684,0.03244750000000007,0.0,0.0,0.07076277777777776,0.0,0.0,0.0,0.0,0.0,0.0
2022-08-17,12:53:48,1,Free text,Retention,18,2,4,5,2022_08_17-12_53_21.xml,None,248,8,"(<NoteRangePerHand.ONE_NOTE: 2>, <NoteRangePerHand.C_TO_G: 6>, [0.5, 0.25], 'right')",D:/Jason/comp_scaffold/DexmoPiano/output/2022_08_17-12_28_39.mid,0.0,0.047057361111111126,0.036768636363636406,0.045454545454545456,0.0,0.12928054292929297,0.0,0.0,0.0,0.0,0.0,0.0
2022-08-17,12:54:08,1,Free text,Retention,18,3,4,6,2022_08_17-12_53_21.xml,None,248,8,"(<NoteRangePerHand.ONE_NOTE: 2>, <NoteRangePerHand.C_TO_G: 6>, [0.5, 0.25], 'right')",D:/Jason/comp_scaffold/DexmoPiano/output/2022_08_17-12_28_39.mid,0.0,0.04343722222222229,0.04212931818181826,0.0,0.0,0.08556654040404055,0.0,0.0,0.0,0.0,0.0,0.0
2022-08-17,12:55:01,1,Free text,Retention,19,1,4,5,2022_08_17-12_54_54.xml,None,248,8,"(<NoteRangePerHand.ONE_NOTE: 2>, <NoteRangePerHand.C_TO_G: 6>, [0.5, 0.25], 'right')",D:/Jason/comp_scaffold/DexmoPiano/output/2022_08_17-12_35_01.mid,0.0,0.07568611111111104,0.036724444444444705,0.05555555555555555,0.0,0.1679661111111113,0.0,0.0,0.0,0.0,0.0,0.0
2022-08-17,12:55:19,1,Free text,Retention,19,2,4,5,2022_08_17-12_54_54.xml,None,248,8,"(<NoteRangePerHand.ONE_NOTE: 2>, <NoteRangePerHand.C_TO_G: 6>, [0.5, 0.25], 'right')",D:/Jason/comp_scaffold/DexmoPiano/output/2022_08_17-12_35_01.mid,0.0,0.09201402777777763,0.07783194444444458,0.0,0.05555555555555555,0.22540152777777775,0.0,0.0,0.0,0.0,0.0,0.0
2022-08-17,12:55:39,1,Free text,Retention,19,3,4,4,2022_08_17-12_54_54.xml,None,248,8,"(<NoteRangePerHand.ONE_NOTE: 2>, <NoteRangePerHand.C_TO_G: 6>, [0.5, 0.25], 'right')",D:/Jason/comp_scaffold/DexmoPiano/output/2022_08_17-12_35_01.mid,0.0,0.069024861111111,0.033369444444444514,0.1111111111111111,0.0,0.21350541666666661,0.0,0.0,0.0,0.0,0.0,0.0
2022-08-17,12:56:20,1,Free text,Retention,20,1,3,6,2022_08_17-12_56_15.xml,None,248,8,"(<NoteRangePerHand.ONE_NOTE: 2>, <NoteRangePerHand.C_TO_G: 6>, [0.5, 0.25], 'right')",D:/Jason/comp_scaffold/DexmoPiano/output/2022_08_17-12_38_38.mid,0.0,0.11606958333333312,0.01828420000000002,0.0,0.0,0.13435378333333314,0.0,0.0,0.0,0.0,0.0,0.0
2022-08-17,12:56:37,1,Free text,Retention,20,2,2,6,2022_08_17-12_56_15.xml,None,248,8,"(<NoteRangePerHand.ONE_NOTE: 2>, <NoteRangePerHand.C_TO_G: 6>, [0.5, 0.25], 'right')",D:/Jason/comp_scaffold/DexmoPiano/output/2022_08_17-12_38_38.mid,0.0,0.11372902777777767,0.01009460000000022,0.0,0.0,0.12382362777777789,0.0,0.0,0.0,0.0,0.0,0.0
2022-08-17,12:56:58,1,Free text,Retention,20,3,2,7,2022_08_17-12_56_15.xml,None,248,8,"(<NoteRangePerHand.ONE_NOTE: 2>, <NoteRangePerHand.C_TO_G: 6>, [0.5, 0.25], 'right')",D:/Jason/comp_scaffold/DexmoPiano/output/2022_08_17-12_38_38.mid,0.0,0.1109234722222221,0.012379800000000092,0.0,0.0,0.12330327222222219,0.0,0.0,0.0,0.0,0.0,0.0
2022-08-17,12:57:55,1,Free text,Retention,21,1,4,5,2022_08_17-12_57_49.xml,None,248,8,"(<NoteRangePerHand.ONE_NOTE: 2>, <NoteRangePerHand.C_TO_G: 6>, [0.5, 0.25], 'right')",D:/Jason/comp_scaffold/DexmoPiano/output/2022_08_17-12_43_05.mid,0.0,0.06474708333333323,0.045637187499999954,0.0,0.0,0.11038427083333319,0.0,0.0,0.0,0.0,0.0,0.0
2022-08-17,12:58:17,1,Free text,Retention,21,2,3,6,2022_08_17-12_57_49.xml,None,248,8,"(<NoteRangePerHand.ONE_NOTE: 2>, <NoteRangePerHand.C_TO_G: 6>, [0.5, 0.25], 'right')",D:/Jason/comp_scaffold/DexmoPiano/output/2022_08_17-12_43_05.mid,0.0,0.061365416666666645,0.04944968750000006,0.0,0.0,0.1108151041666667,0.0,0.0,0.0,0.0,0.0,0.0
2022-08-17,12:58:35,1,Free text,Retention,21,3,3,6,2022_08_17-12_57_49.xml,None,248,8,"(<NoteRangePerHand.ONE_NOTE: 2>, <NoteRangePerHand.C_TO_G: 6>, [0.5, 0.25], 'right')",D:/Jason/comp_scaffold/DexmoPiano/output/2022_08_17-12_43_05.mid,0.0,0.06496930555555552,0.060669687499999916,0.0,0.0,0.12563899305555543,0.0,0.0,0.0,0.0,0.0,0.0
2022-08-17,12:59:34,1,Free text,Retention,22,1,3,5,2022_08_17-12_59_30.xml,None,248,8,"(<NoteRangePerHand.ONE_NOTE: 2>, <NoteRangePerHand.C_TO_G: 6>, [0.5, 0.25], 'right')",D:/Jason/comp_scaffold/DexmoPiano/output/2022_08_17-12_47_07.mid,0.0,0.10209555555555554,0.028481666666666766,0.041666666666666664,0.0,0.17224388888888895,0.0,0.0,0.0,0.0,0.0,0.0
2022-08-17,12:59:51,1,Free text,Retention,22,2,3,5,2022_08_17-12_59_30.xml,None,248,8,"(<NoteRangePerHand.ONE_NOTE: 2>, <NoteRangePerHand.C_TO_G: 6>, [0.5, 0.25], 'right')",D:/Jason/comp_scaffold/DexmoPiano/output/2022_08_17-12_47_07.mid,0.0,0.1176456944444442,0.020629375000000134,0.0,0.0,0.13827506944444434,0.0,0.0,0.0,0.0,0.0,0.0
2022-08-17,13:00:08,1,Free text,Retention,22,3,3,6,2022_08_17-12_59_30.xml,None,248,8,"(<NoteRangePerHand.ONE_NOTE: 2>, <NoteRangePerHand.C_TO_G: 6>, [0.5, 0.25], 'right')",D:/Jason/comp_scaffold/DexmoPiano/output/2022_08_17-12_47_07.mid,0.0,0.11450319444444435,0.027826875000000185,0.0,0.0,0.14233006944444454,0.0,0.0,0.0,0.0,0.0,0.0
2022-08-17,13:55:55,1,Free text,Retention,22,4,3,6,2022_08_17-12_59_30.xml,None,248,8,"(<NoteRangePerHand.ONE_NOTE: 2>, <NoteRangePerHand.C_TO_G: 6>, [0.5, 0.25], 'right')",D:/Jason/comp_scaffold/DexmoPiano/output/2022_08_17-12_47_07.mid,0.125,0.031541111111111075,0.04344749999999998,0.8333333333333334,0.0,1.0333219444444444,0.0,0.0,0.0,0.0,0.0,0.0
2022-08-17,14:13:23,Enter ID,Free text,None,1,1,4,4,2022_08_17-14_12_46.xml,None,80,8,"(<NoteRangePerHand.ONE_NOTE: 2>, <NoteRangePerHand.TWO_NOTES: 3>, [0.25], 'right')",,0.0,0.08499999999999984,0.15252941176470586,0.058823529411764705,0.0,0.29635294117647043,0.0,0.0,0.0,0.0,0.0,0.0
2022-08-17,14:15:36,2,Free text,None,2,1,2,6,2022_08_17-14_15_18.xml,None,80,8,"(<NoteRangePerHand.ONE_NOTE: 2>, <NoteRangePerHand.TWO_NOTES: 3>, [0.25], 'right')",,0.0,0.3673333333333333,0.06963157894736849,0.0,0.0,0.4369649122807018,0.0,0.0,0.0,0.0,0.0,0.0
2022-08-17,14:20:02,2,Free text,Calibration,3,1,6,4,2022_08_17-14_19_37.xml,None,166,8,"(<NoteRangePerHand.ONE_NOTE: 2>, <NoteRangePerHand.C_TO_G: 6>, [0.5, 0.25], 'right')",,0.11538461538461539,0.04742583333333338,0.0454913461538462,0.11538461538461539,0.0,0.3236864102564104,0.0,0.0,0.0,0.0,0.0,0.0
2022-08-17,14:20:42,2,Free text,Calibration,3,2,6,4,2022_08_17-14_19_37.xml,None,166,8,"(<NoteRangePerHand.ONE_NOTE: 2>, <NoteRangePerHand.C_TO_G: 6>, [0.5, 0.25], 'right')",,0.6538461538461539,0.09441361111111106,0.1335682692307693,0.038461538461538464,0.0,0.9202895726495727,0.0,0.0,0.0,0.0,0.0,0.0
2022-08-17,14:21:12,2,Free text,Calibration,3,3,5,5,2022_08_17-14_19_37.xml,None,166,8,"(<NoteRangePerHand.ONE_NOTE: 2>, <NoteRangePerHand.C_TO_G: 6>, [0.5, 0.25], 'right')",,0.11538461538461539,0.0744320833333333,0.06150826923076931,0.07692307692307693,0.0,0.32824804487179493,0.0,0.0,0.0,0.0,0.0,0.0
2022-08-17,14:24:00,2,Free text,Calibration,4,1,4,5,2022_08_17-14_23_46.xml,None,100,8,"(<NoteRangePerHand.ONE_NOTE: 2>, <NoteRangePerHand.C_TO_G: 6>, [0.5, 0.25], 'right')",,0.0,0.35702777777777794,0.05378260869565222,0.0,0.0,0.41081038647343016,0.0,0.0,0.0,0.0,0.0,0.0
2022-08-17,14:24:34,2,Free text,Calibration,4,2,3,6,2022_08_17-14_23_46.xml,None,100,8,"(<NoteRangePerHand.ONE_NOTE: 2>, <NoteRangePerHand.C_TO_G: 6>, [0.5, 0.25], 'right')",,0.0,0.34772222222222227,0.0481739130434784,0.0,0.0,0.39589613526570067,0.0,0.0,0.0,0.0,0.0,0.0
2022-08-17,14:25:12,2,Free text,Calibration,4,3,3,6,2022_08_17-14_23_46.xml,None,100,8,"(<NoteRangePerHand.ONE_NOTE: 2>, <NoteRangePerHand.C_TO_G: 6>, [0.5, 0.25], 'right')",,0.0,0.35272222222222244,0.030565217391303957,0.0,0.0,0.3832874396135264,0.0,0.0,0.0,0.0,0.0,0.0
2022-08-17,14:27:29,2,Free text,Calibration,5,1,6,4,2022_08_17-14_27_17.xml,None,133,8,"(<NoteRangePerHand.ONE_NOTE: 2>, <NoteRangePerHand.C_TO_G: 6>, [0.5, 0.25], 'right')",,0.0,0.18056747222222203,0.0834799411764706,0.0,0.058823529411764705,0.32287094281045736,0.0,0.0,0.0,0.0,0.0,0.0
2022-08-17,14:28:04,2,Free text,Calibration,5,2,6,4,2022_08_17-14_27_17.xml,None,133,8,"(<NoteRangePerHand.ONE_NOTE: 2>, <NoteRangePerHand.C_TO_G: 6>, [0.5, 0.25], 'right')",,0.058823529411764705,0.20326191666666643,0.12724276470588225,0.0,0.0,0.3893282107843134,0.0,0.0,0.0,0.0,0.0,0.0
2022-08-17,14:28:45,2,Free text,Calibration,5,3,5,5,2022_08_17-14_27_17.xml,None,133,8,"(<NoteRangePerHand.ONE_NOTE: 2>, <NoteRangePerHand.C_TO_G: 6>, [0.5, 0.25], 'right')",,0.0,0.19087302777777745,0.056889823529411666,0.0,0.0,0.2477628513071891,0.0,0.0,0.0,0.0,0.0,0.0
2022-08-17,14:33:19,2,Free text,Practice,6,1,6,2,2022_08_17-14_33_09.xml,None,195,8,"(<NoteRangePerHand.ONE_NOTE: 2>, <NoteRangePerHand.C_TO_G: 6>, [0.5, 0.25], 'right')",,0.23809523809523808,0.060361,0.014655619047618976,0.6190476190476191,0.0,0.9321594761904761,0.0,0.0,0.0,0.0,0.0,0.0
2022-08-17,14:33:56,2,Free text,Practice,6,2,6,2,2022_08_17-14_33_09.xml,None,195,8,"(<NoteRangePerHand.ONE_NOTE: 2>, <NoteRangePerHand.C_TO_G: 6>, [0.5, 0.25], 'right')",,0.23809523809523808,0.10895922222222217,0.08084628571428576,0.23809523809523808,0.0,0.665995984126984,0.0,0.0,0.0,0.0,0.0,0.0
2022-08-17,14:34:33,2,Free text,Practice,6,3,5,2,2022_08_17-14_33_09.xml,None,195,8,"(<NoteRangePerHand.ONE_NOTE: 2>, <NoteRangePerHand.C_TO_G: 6>, [0.5, 0.25], 'right')",,0.3333333333333333,0.10962588888888877,0.10071066666666678,0.23809523809523808,0.0,0.781765126984127,0.0,0.0,0.0,0.0,0.0,0.0
2022-08-17,14:35:00,2,Free text,Practice,6,4,5,3,2022_08_17-14_33_09.xml,None,195,8,"(<NoteRangePerHand.ONE_NOTE: 2>, <NoteRangePerHand.C_TO_G: 6>, [0.5, 0.25], 'right')",,0.0,0.13368355555555544,0.08490495238095234,0.09523809523809523,0.0,0.31382660317460304,0.0,0.0,0.0,0.0,0.0,0.0
2022-08-17,14:35:33,2,Free text,Practice,6,5,5,3,2022_08_17-14_33_09.xml,None,195,8,"(<NoteRangePerHand.ONE_NOTE: 2>, <NoteRangePerHand.C_TO_G: 6>, [0.5, 0.25], 'right')",,0.047619047619047616,0.13886944444444435,0.08687923809523812,0.047619047619047616,0.0,0.3209867777777777,0.0,0.0,0.0,0.0,0.0,0.0
2022-08-17,14:37:09,2,Free text,Test,7,1,4,4,2022_08_17-14_33_09.xml,None,150,8,"(<NoteRangePerHand.ONE_NOTE: 2>, <NoteRangePerHand.C_TO_G: 6>, [0.5, 0.25], 'right')",,0.2857142857142857,0.1934722222222224,0.12652380952380943,1.1904761904761905,0.047619047619047616,1.8438055555555557,0.0,0.0,0.0,0.0,0.0,0.0
2022-08-17,14:39:57,2,Free text,Test,8,1,3,5,2022_08_17-14_39_47.xml,None,150,8,"(<NoteRangePerHand.ONE_NOTE: 2>, <NoteRangePerHand.C_TO_G: 6>, [0.5, 0.25], 'right')",,0.0,0.08574999999999997,0.06166666666666665,0.0,0.0,0.1474166666666666,0.0,0.0,0.0,0.0,0.0,0.0
2022-08-17,14:40:25,2,Free text,Test,8,2,4,5,2022_08_17-14_39_47.xml,None,150,8,"(<NoteRangePerHand.ONE_NOTE: 2>, <NoteRangePerHand.C_TO_G: 6>, [0.5, 0.25], 'right')",,0.0,0.06594444444444456,0.04155555555555569,0.05555555555555555,0.0,0.1630555555555558,0.0,0.0,0.0,0.0,0.0,0.0
2022-08-17,14:40:53,2,Free text,Test,8,3,4,3,2022_08_17-14_39_47.xml,None,150,8,"(<NoteRangePerHand.ONE_NOTE: 2>, <NoteRangePerHand.C_TO_G: 6>, [0.5, 0.25], 'right')",,0.1111111111111111,0.05894444444444442,0.035722222222222086,0.16666666666666666,0.0,0.37244444444444424,0.0,0.0,0.0,0.0,0.0,0.0
2022-08-17,14:43:48,2,Free text,Practice,9,1,3,5,2022_08_17-14_43_35.xml,None,150,8,"(<NoteRangePerHand.ONE_NOTE: 2>, <NoteRangePerHand.C_TO_G: 6>, [0.5, 0.25], 'right')",,0.0,0.11994444444444446,0.05926086956521721,0.043478260869565216,0.0,0.22268357487922688,0.0,0.0,0.0,0.0,0.0,0.0
2022-08-17,14:44:26,2,Free text,Practice,9,2,3,6,2022_08_17-14_43_35.xml,None,150,8,"(<NoteRangePerHand.ONE_NOTE: 2>, <NoteRangePerHand.C_TO_G: 6>, [0.5, 0.25], 'right')",,0.0,0.11291666666666683,0.03513043478260837,0.043478260869565216,0.0,0.1915253623188404,0.0,0.0,0.0,0.0,0.0,0.0
2022-08-17,14:45:12,2,Free text,Practice,9,3,3,6,2022_08_17-14_43_35.xml,None,150,8,"(<NoteRangePerHand.ONE_NOTE: 2>, <NoteRangePerHand.C_TO_G: 6>, [0.5, 0.25], 'right')",,0.043478260869565216,0.012666666666666635,0.0,0.9130434782608695,0.0,0.9691884057971014,0.0,0.0,0.0,0.0,0.0,0.0
2022-08-17,14:45:42,2,Free text,Practice,9,4,3,5,2022_08_17-14_43_35.xml,None,150,8,"(<NoteRangePerHand.ONE_NOTE: 2>, <NoteRangePerHand.C_TO_G: 6>, [0.5, 0.25], 'right')",,0.043478260869565216,0.10591666666666673,0.056217391304347684,0.08695652173913043,0.0,0.2925688405797101,0.0,0.0,0.0,0.0,0.0,0.0
2022-08-17,14:46:16,2,Free text,Practice,9,5,3,5,2022_08_17-14_43_35.xml,None,150,8,"(<NoteRangePerHand.ONE_NOTE: 2>, <NoteRangePerHand.C_TO_G: 6>, [0.5, 0.25], 'right')",,0.0,0.09302777777777799,0.0699130434782607,0.08695652173913043,0.0,0.24989734299516914,0.0,0.0,0.0,0.0,0.0,0.0
2022-08-17,14:46:46,2,Free text,Practice,9,6,3,3,2022_08_17-14_43_35.xml,None,150,8,"(<NoteRangePerHand.ONE_NOTE: 2>, <NoteRangePerHand.C_TO_G: 6>, [0.5, 0.25], 'right')",,0.21739130434782608,0.10872222222222235,0.101304347826087,0.17391304347826086,0.0,0.6013309178743963,0.0,0.0,0.0,0.0,0.0,0.0
2022-08-17,14:49:16,2,Free text,Test,11,1,3,6,2022_08_17-14_49_05.xml,None,150,8,"(<NoteRangePerHand.ONE_NOTE: 2>, <NoteRangePerHand.C_TO_G: 6>, [0.5, 0.25], 'right')",D:/Jason/comp_scaffold/DexmoPiano/output/2022_08_17-14_43_35.mid,0.0,0.21186111111111125,0.028913043478260708,0.0,0.0,0.24077415458937196,0.0,0.0,0.0,0.0,0.0,0.0
2022-08-17,14:51:52,2,Free text,Practice,12,1,2,6,2022_08_17-14_51_42.xml,None,105,8,"(<NoteRangePerHand.ONE_NOTE: 2>, <NoteRangePerHand.C_TO_G: 6>, [0.5, 0.25], 'right')",,0.0,0.1285554444444446,0.030062434782608848,0.0,0.0,0.15861787922705345,0.0,0.0,0.0,0.0,0.0,0.0
2022-08-17,14:52:23,2,Free text,Practice,12,2,2,6,2022_08_17-14_51_42.xml,None,105,8,"(<NoteRangePerHand.ONE_NOTE: 2>, <NoteRangePerHand.C_TO_G: 6>, [0.5, 0.25], 'right')",,0.0,0.14400366666666656,0.020484347826086633,0.0,0.0,0.1644880144927532,0.0,0.0,0.0,0.0,0.0,0.0
2022-08-17,14:52:56,2,Free text,Practice,12,3,2,5,2022_08_17-14_51_42.xml,None,105,8,"(<NoteRangePerHand.ONE_NOTE: 2>, <NoteRangePerHand.C_TO_G: 6>, [0.5, 0.25], 'right')",,0.043478260869565216,0.15830922222222235,0.023596347826087168,0.0,0.0,0.22538383091787473,0.0,0.0,0.0,0.0,0.0,0.0
2022-08-17,14:53:32,2,Free text,Practice,12,4,2,4,2022_08_17-14_51_42.xml,None,105,8,"(<NoteRangePerHand.ONE_NOTE: 2>, <NoteRangePerHand.C_TO_G: 6>, [0.5, 0.25], 'right')",,0.0,0.1710870000000003,0.07414904347826103,0.0,0.0,0.24523604347826133,0.0,0.0,0.0,0.0,0.0,0.0
2022-08-17,14:54:08,2,Free text,Practice,12,5,2,6,2022_08_17-14_51_42.xml,None,105,8,"(<NoteRangePerHand.ONE_NOTE: 2>, <NoteRangePerHand.C_TO_G: 6>, [0.5, 0.25], 'right')",,0.0,0.14219811111111127,0.024577913043478374,0.0,0.0,0.16677602415458964,0.0,0.0,0.0,0.0,0.0,0.0
2022-08-17,14:55:21,2,Free text,Test,13,1,4,4,2022_08_17-14_51_42.xml,None,150,8,"(<NoteRangePerHand.ONE_NOTE: 2>, <NoteRangePerHand.C_TO_G: 6>, [0.5, 0.25], 'right')",,0.2608695652173913,0.1011666666666668,0.07465217391304355,1.2173913043478262,0.043478260869565216,1.697557971014493,0.0,0.0,0.0,0.0,0.0,0.0
2022-08-17,14:57:59,2,Free text,Practice,14,1,3,6,2022_08_17-14_57_50.xml,None,150,8,"(<NoteRangePerHand.ONE_NOTE: 2>, <NoteRangePerHand.C_TO_G: 6>, [0.5, 0.25], 'right')",,0.0,0.06911111111111115,0.024949999999999962,0.0,0.0,0.09406111111111111,0.0,0.0,0.0,0.0,0.0,0.0
2022-08-17,14:58:27,2,Free text,Practice,14,2,2,6,2022_08_17-14_57_50.xml,None,150,8,"(<NoteRangePerHand.ONE_NOTE: 2>, <NoteRangePerHand.C_TO_G: 6>, [0.5, 0.25], 'right')",,0.0,0.06752777777777792,0.019399999999999883,0.0,0.0,0.0869277777777778,0.0,0.0,0.0,0.0,0.0,0.0
2022-08-17,14:58:57,2,Free text,Practice,14,3,3,3,2022_08_17-14_57_50.xml,None,150,8,"(<NoteRangePerHand.ONE_NOTE: 2>, <NoteRangePerHand.C_TO_G: 6>, [0.5, 0.25], 'right')",,0.05,0.09205555555555558,0.06044999999999995,0.05,0.0,0.25250555555555554,0.0,0.0,0.0,0.0,0.0,0.0
2022-08-17,14:59:30,2,Free text,Practice,14,4,2,6,2022_08_17-14_57_50.xml,None,150,8,"(<NoteRangePerHand.ONE_NOTE: 2>, <NoteRangePerHand.C_TO_G: 6>, [0.5, 0.25], 'right')",,0.0,0.08238888888888907,0.021899999999999985,0.0,0.0,0.10428888888888906,0.0,0.0,0.0,0.0,0.0,0.0
2022-08-17,14:59:58,2,Free text,Practice,14,5,2,5,2022_08_17-14_57_50.xml,None,150,8,"(<NoteRangePerHand.ONE_NOTE: 2>, <NoteRangePerHand.C_TO_G: 6>, [0.5, 0.25], 'right')",,0.0,0.06663888888888912,0.03969999999999994,0.0,0.0,0.10633888888888907,0.0,0.0,0.0,0.0,0.0,0.0
2022-08-17,15:00:29,2,Free text,Test,15,1,2,5,2022_08_17-14_57_50.xml,None,150,8,"(<NoteRangePerHand.ONE_NOTE: 2>, <NoteRangePerHand.C_TO_G: 6>, [0.5, 0.25], 'right')",,0.1,0.06261111111111115,0.028849999999999675,1.15,0.0,1.3414611111111108,0.0,0.0,0.0,0.0,0.0,0.0
2022-08-17,15:03:22,2,Free text,Retention,18,1,4,5,2022_08_17-15_03_13.xml,None,150,8,"(<NoteRangePerHand.ONE_NOTE: 2>, <NoteRangePerHand.C_TO_G: 6>, [0.5, 0.25], 'right')",D:/Jason/comp_scaffold/DexmoPiano/output/2022_08_17-14_33_09.mid,0.0,0.18619444444444452,0.04071428571428532,0.0,0.0,0.22690873015872984,0.0,0.0,0.0,0.0,0.0,0.0
2022-08-17,15:03:50,2,Free text,Retention,18,2,4,6,2022_08_17-15_03_13.xml,None,150,8,"(<NoteRangePerHand.ONE_NOTE: 2>, <NoteRangePerHand.C_TO_G: 6>, [0.5, 0.25], 'right')",D:/Jason/comp_scaffold/DexmoPiano/output/2022_08_17-14_33_09.mid,0.0,0.21319444444444466,0.035857142857142865,0.0,0.0,0.24905158730158752,0.0,0.0,0.0,0.0,0.0,0.0
2022-08-17,15:04:20,2,Free text,Retention,18,3,3,6,2022_08_17-15_03_13.xml,None,150,8,"(<NoteRangePerHand.ONE_NOTE: 2>, <NoteRangePerHand.C_TO_G: 6>, [0.5, 0.25], 'right')",D:/Jason/comp_scaffold/DexmoPiano/output/2022_08_17-14_33_09.mid,0.0,0.21188888888888902,0.03157142857142853,0.0,0.0,0.24346031746031754,0.0,0.0,0.0,0.0,0.0,0.0
2022-08-17,15:05:08,2,Free text,Retention,19,1,4,4,2022_08_17-15_05_01.xml,None,150,8,"(<NoteRangePerHand.ONE_NOTE: 2>, <NoteRangePerHand.C_TO_G: 6>, [0.5, 0.25], 'right')",D:/Jason/comp_scaffold/DexmoPiano/output/2022_08_17-14_39_47.mid,0.0,0.17591666666666697,0.09522222222222188,0.0,0.0,0.2711388888888888,0.0,0.0,0.0,0.0,0.0,0.0
2022-08-17,15:05:33,2,Free text,Retention,19,2,4,5,2022_08_17-15_05_01.xml,None,150,8,"(<NoteRangePerHand.ONE_NOTE: 2>, <NoteRangePerHand.C_TO_G: 6>, [0.5, 0.25], 'right')",D:/Jason/comp_scaffold/DexmoPiano/output/2022_08_17-14_39_47.mid,0.0,0.18108333333333357,0.03744444444444463,0.0,0.05555555555555555,0.2740833333333338,0.0,0.0,0.0,0.0,0.0,0.0
2022-08-17,15:05:59,2,Free text,Retention,19,3,4,5,2022_08_17-15_05_01.xml,None,150,8,"(<NoteRangePerHand.ONE_NOTE: 2>, <NoteRangePerHand.C_TO_G: 6>, [0.5, 0.25], 'right')",D:/Jason/comp_scaffold/DexmoPiano/output/2022_08_17-14_39_47.mid,0.0,0.1583333333333335,0.0473333333333332,0.0,0.0,0.2056666666666667,0.0,0.0,0.0,0.0,0.0,0.0
2022-08-17,15:06:48,2,Free text,Retention,20,1,5,3,2022_08_17-15_06_40.xml,None,150,8,"(<NoteRangePerHand.ONE_NOTE: 2>, <NoteRangePerHand.C_TO_G: 6>, [0.5, 0.25], 'right')",D:/Jason/comp_scaffold/DexmoPiano/output/2022_08_17-14_43_35.mid,0.0,0.18877777777777782,0.048086956521739055,0.08695652173913043,0.0,0.3238212560386473,0.0,0.0,0.0,0.0,0.0,0.0
2022-08-17,15:07:14,2,Free text,Retention,20,2,5,3,2022_08_17-15_06_40.xml,None,150,8,"(<NoteRangePerHand.ONE_NOTE: 2>, <NoteRangePerHand.C_TO_G: 6>, [0.5, 0.25], 'right')",D:/Jason/comp_scaffold/DexmoPiano/output/2022_08_17-14_43_35.mid,0.0,0.20072222222222239,0.05308695652173887,0.08695652173913043,0.0,0.3407657004830917,0.0,0.0,0.0,0.0,0.0,0.0
2022-08-17,15:07:40,2,Free text,Retention,20,3,5,3,2022_08_17-15_06_40.xml,None,150,8,"(<NoteRangePerHand.ONE_NOTE: 2>, <NoteRangePerHand.C_TO_G: 6>, [0.5, 0.25], 'right')",D:/Jason/comp_scaffold/DexmoPiano/output/2022_08_17-14_43_35.mid,0.0,0.1928888888888892,0.0521304347826086,0.08695652173913043,0.0,0.3319758454106282,0.0,0.0,0.0,0.0,0.0,0.0
2022-08-17,15:09:28,2,Free text,Retention,21,1,5,4,2022_08_17-15_09_19.xml,None,150,8,"(<NoteRangePerHand.ONE_NOTE: 2>, <NoteRangePerHand.C_TO_G: 6>, [0.5, 0.25], 'right')",D:/Jason/comp_scaffold/DexmoPiano/output/2022_08_17-14_51_42.mid,0.0,0.20600000000000002,0.03726086956521711,0.043478260869565216,0.0,0.2867391304347824,0.0,0.0,0.0,0.0,0.0,0.0
2022-08-17,15:09:58,2,Free text,Retention,21,2,4,6,2022_08_17-15_09_19.xml,None,150,8,"(<NoteRangePerHand.ONE_NOTE: 2>, <NoteRangePerHand.C_TO_G: 6>, [0.5, 0.25], 'right')",D:/Jason/comp_scaffold/DexmoPiano/output/2022_08_17-14_51_42.mid,0.0,0.2182777777777779,0.05039130434782596,0.0,0.0,0.26866908212560386,0.0,0.0,0.0,0.0,0.0,0.0
2022-08-17,15:10:25,2,Free text,Retention,21,3,4,4,2022_08_17-15_09_19.xml,None,150,8,"(<NoteRangePerHand.ONE_NOTE: 2>, <NoteRangePerHand.C_TO_G: 6>, [0.5, 0.25], 'right')",D:/Jason/comp_scaffold/DexmoPiano/output/2022_08_17-14_51_42.mid,0.0,0.22091666666666673,0.0534347826086958,0.0,0.0,0.27435144927536254,0.0,0.0,0.0,0.0,0.0,0.0
2022-08-17,15:11:26,2,Free text,Retention,22,1,4,4,2022_08_17-15_09_19.xml,None,150,8,"(<NoteRangePerHand.ONE_NOTE: 2>, <NoteRangePerHand.C_TO_G: 6>, [0.5, 0.25], 'right')",D:/Jason/comp_scaffold/DexmoPiano/output/2022_08_17-14_51_42.mid,0.6086956521739131,0.1536944444444445,0.16147826086956524,0.13043478260869565,0.0,1.0543031400966183,0.0,0.0,0.0,0.0,0.0,0.0
2022-08-17,15:11:55,2,Free text,Retention,22,2,4,3,2022_08_17-15_09_19.xml,None,150,8,"(<NoteRangePerHand.ONE_NOTE: 2>, <NoteRangePerHand.C_TO_G: 6>, [0.5, 0.25], 'right')",D:/Jason/comp_scaffold/DexmoPiano/output/2022_08_17-14_51_42.mid,0.6086956521739131,0.1517777777777778,0.17839130434782605,0.13043478260869565,0.0,1.0692995169082125,0.0,0.0,0.0,0.0,0.0,0.0
2022-08-17,15:12:23,2,Free text,Retention,22,3,4,3,2022_08_17-15_09_19.xml,None,150,8,"(<NoteRangePerHand.ONE_NOTE: 2>, <NoteRangePerHand.C_TO_G: 6>, [0.5, 0.25], 'right')",D:/Jason/comp_scaffold/DexmoPiano/output/2022_08_17-14_51_42.mid,0.6086956521739131,0.14783333333333343,0.14752173913043454,0.13043478260869565,0.0,1.0344855072463768,0.0,0.0,0.0,0.0,0.0,0.0
2022-08-17,16:01:14,Enter ID,Free text,None,2,1,1,6,2022_08_17-16_00_52.xml,None,80,8,"(<NoteRangePerHand.ONE_NOTE: 2>, <NoteRangePerHand.TWO_NOTES: 3>, [0.25], 'right')",,0.041666666666666664,0.22688888888888897,0.028708333333333003,0.0,0.0,0.29726388888888866,0.0,0.0,0.0,0.0,0.0,0.0
2022-08-17,16:04:59,3,Free text,Calibration,3,1,7,2,2022_08_17-16_04_41.xml,None,166,8,"(<NoteRangePerHand.ONE_NOTE: 2>, <NoteRangePerHand.C_TO_G: 6>, [0.5, 0.25], 'right')",,0.4,0.09399097222222223,0.3137667499999998,0.15,0.0,0.9577577222222221,0.0,0.0,0.0,0.0,0.0,0.0
2022-08-17,16:05:31,3,Free text,Calibration,3,2,7,1,2022_08_17-16_04_41.xml,None,166,8,"(<NoteRangePerHand.ONE_NOTE: 2>, <NoteRangePerHand.C_TO_G: 6>, [0.5, 0.25], 'right')",,0.6,0.06770388888888888,0.04655524999999996,0.2,0.0,0.9142591388888888,0.0,0.0,0.0,0.0,0.0,0.0
2022-08-17,16:05:57,3,Free text,Calibration,3,3,6,2,2022_08_17-16_04_41.xml,None,166,8,"(<NoteRangePerHand.ONE_NOTE: 2>, <NoteRangePerHand.C_TO_G: 6>, [0.5, 0.25], 'right')",,0.6,0.12282430555555542,0.23269974999999987,0.05,0.0,1.0055240555555554,0.0,0.0,0.0,0.0,0.0,0.0
2022-08-17,16:08:33,3,Free text,Calibration,4,1,2,5,2022_08_17-16_08_18.xml,None,100,8,"(<NoteRangePerHand.ONE_NOTE: 2>, <NoteRangePerHand.C_TO_G: 6>, [0.5, 0.25], 'right')",,0.38095238095238093,0.1571944444444446,0.02142857142857131,0.0,0.0,0.5595753968253969,0.0,0.0,0.0,0.0,0.0,0.0
2022-08-17,16:09:16,3,Free text,Calibration,4,2,3,5,2022_08_17-16_08_18.xml,None,100,8,"(<NoteRangePerHand.ONE_NOTE: 2>, <NoteRangePerHand.C_TO_G: 6>, [0.5, 0.25], 'right')",,0.42857142857142855,0.14130555555555555,0.01704761904761899,0.19047619047619047,0.0,0.7774007936507935,0.0,0.0,0.0,0.0,0.0,0.0
2022-08-17,16:10:29,3,Free text,Calibration,4,3,3,5,2022_08_17-16_08_18.xml,None,100,8,"(<NoteRangePerHand.ONE_NOTE: 2>, <NoteRangePerHand.C_TO_G: 6>, [0.5, 0.25], 'right')",,0.5238095238095238,0.14066666666666688,0.09828571428571416,0.3333333333333333,0.047619047619047616,1.143714285714286,0.0,0.0,0.0,0.0,0.0,0.0
2022-08-17,16:11:09,3,Free text,Calibration,4,4,4,3,2022_08_17-16_08_18.xml,None,100,8,"(<NoteRangePerHand.ONE_NOTE: 2>, <NoteRangePerHand.C_TO_G: 6>, [0.5, 0.25], 'right')",,0.3333333333333333,0.23111111111111127,0.14028571428571374,0.0,0.0,0.7047301587301582,0.0,0.0,0.0,0.0,0.0,0.0
2022-08-17,16:14:20,3,Free text,Calibration,5,1,3,4,2022_08_17-16_13_59.xml,None,67,8,"(<NoteRangePerHand.ONE_NOTE: 2>, <NoteRangePerHand.C_TO_G: 6>, [0.5, 0.25], 'right')",,0.34782608695652173,0.2726801111111113,0.09362373913043429,0.0,0.08695652173913043,0.8010864589371978,0.0,0.0,0.0,0.0,0.0,0.0
2022-08-17,16:15:12,3,Free text,Calibration,5,2,3,5,2022_08_17-16_13_59.xml,None,67,8,"(<NoteRangePerHand.ONE_NOTE: 2>, <NoteRangePerHand.C_TO_G: 6>, [0.5, 0.25], 'right')",,0.17391304347826086,0.22736127777777768,0.06583921739130483,0.043478260869565216,0.0,0.5105917995169086,0.0,0.0,0.0,0.0,0.0,0.0
2022-08-17,16:16:03,3,Free text,Calibration,5,3,3,5,2022_08_17-16_13_59.xml,None,67,8,"(<NoteRangePerHand.ONE_NOTE: 2>, <NoteRangePerHand.C_TO_G: 6>, [0.5, 0.25], 'right')",,0.21739130434782608,0.2080690000000003,0.10575991304347808,0.0,0.08695652173913043,0.6181767391304349,0.0,0.0,0.0,0.0,0.0,0.0
2022-08-17,16:20:46,3,Free text,Practice,6,1,1,7,2022_08_17-16_20_41.xml,None,50,8,"(<NoteRangePerHand.ONE_NOTE: 2>, <NoteRangePerHand.C_TO_G: 6>, [0.5, 0.25], 'right')",,0.0,0.1342499999999998,0.04466666666666672,0.0,0.0,0.1789166666666665,0.0,0.0,0.0,0.0,0.0,0.0
2022-08-17,16:21:42,3,Free text,Practice,6,2,2,6,2022_08_17-16_20_41.xml,None,50,8,"(<NoteRangePerHand.ONE_NOTE: 2>, <NoteRangePerHand.C_TO_G: 6>, [0.5, 0.25], 'right')",,0.13333333333333333,0.16894444444444462,0.225066666666667,0.0,0.2,0.727344444444445,0.0,0.0,0.0,0.0,0.0,0.0
2022-08-17,16:22:37,3,Free text,Practice,6,3,2,6,2022_08_17-16_20_41.xml,None,50,8,"(<NoteRangePerHand.ONE_NOTE: 2>, <NoteRangePerHand.C_TO_G: 6>, [0.5, 0.25], 'right')",,0.13333333333333333,0.1349722222222219,0.04000000000000086,0.06666666666666667,0.0,0.37497222222222276,0.0,0.0,0.0,0.0,0.0,0.0
2022-08-17,16:23:51,3,Free text,Practice,6,4,1,7,2022_08_17-16_20_41.xml,None,50,8,"(<NoteRangePerHand.ONE_NOTE: 2>, <NoteRangePerHand.C_TO_G: 6>, [0.5, 0.25], 'right')",,0.0,0.0956388888888891,0.04273333333333393,0.0,0.0,0.13837222222222303,0.0,0.0,0.0,0.0,0.0,0.0
2022-08-17,16:24:48,3,Free text,Practice,6,5,1,7,2022_08_17-16_20_41.xml,None,50,8,"(<NoteRangePerHand.ONE_NOTE: 2>, <NoteRangePerHand.C_TO_G: 6>, [0.5, 0.25], 'right')",,0.0,0.08905555555555567,0.037400000000000294,0.06666666666666667,0.0,0.19312222222222264,0.0,0.0,0.0,0.0,0.0,0.0
2022-08-17,16:26:08,3,Free text,Test,7,1,1,7,2022_08_17-16_20_41.xml,None,50,8,"(<NoteRangePerHand.ONE_NOTE: 2>, <NoteRangePerHand.C_TO_G: 6>, [0.5, 0.25], 'right')",,0.13333333333333333,0.0746111111111115,0.6633333333333333,1.2666666666666666,0.0,2.137944444444445,0.0,0.0,0.0,0.0,0.0,0.0
2022-08-17,16:29:03,3,Free text,Practice,8,1,1,7,2022_08_17-16_28_59.xml,None,50,8,"(<NoteRangePerHand.ONE_NOTE: 2>, <NoteRangePerHand.C_TO_G: 6>, [0.5, 0.25], 'right')",,0.0,0.07102777777777804,0.034800000000000206,0.0,0.0,0.10582777777777824,0.0,0.0,0.0,0.0,0.0,0.0
2022-08-17,16:29:55,3,Free text,Practice,8,2,1,7,2022_08_17-16_28_59.xml,None,50,8,"(<NoteRangePerHand.ONE_NOTE: 2>, <NoteRangePerHand.C_TO_G: 6>, [0.5, 0.25], 'right')",,0.0,0.15350000000000008,0.041649999999999875,0.0,0.0,0.19514999999999996,0.0,0.0,0.0,0.0,0.0,0.0
2022-08-17,16:30:47,3,Free text,Practice,8,3,1,7,2022_08_17-16_28_59.xml,None,50,8,"(<NoteRangePerHand.ONE_NOTE: 2>, <NoteRangePerHand.C_TO_G: 6>, [0.5, 0.25], 'right')",,0.0,0.10858333333333332,0.04274999999999971,0.0,0.0,0.15133333333333304,0.0,0.0,0.0,0.0,0.0,0.0
2022-08-17,16:33:25,3,Free text,Practice,9,1,1,4,2022_08_17-16_33_14.xml,None,65,8,"(<NoteRangePerHand.ONE_NOTE: 2>, <NoteRangePerHand.C_TO_G: 6>, [0.5, 0.25], 'right')",,0.058823529411764705,0.11190366666666687,0.08953011764705865,0.0,0.058823529411764705,0.31908084313725493,0.0,0.0,0.0,0.0,0.0,0.0
2022-08-17,16:34:08,3,Free text,Practice,9,2,3,4,2022_08_17-16_33_14.xml,None,65,8,"(<NoteRangePerHand.ONE_NOTE: 2>, <NoteRangePerHand.C_TO_G: 6>, [0.5, 0.25], 'right')",,0.0,0.09650844444444469,0.08430823529411773,0.058823529411764705,0.0,0.23964020915032713,0.0,0.0,0.0,0.0,0.0,0.0
2022-08-17,16:34:55,3,Free text,Practice,9,3,3,5,2022_08_17-16_33_14.xml,None,65,8,"(<NoteRangePerHand.ONE_NOTE: 2>, <NoteRangePerHand.C_TO_G: 6>, [0.5, 0.25], 'right')",,0.058823529411764705,0.09166844444444482,0.08324941176470609,0.058823529411764705,0.0,0.29256491503268034,0.0,0.0,0.0,0.0,0.0,0.0
2022-08-17,16:35:38,3,Free text,Practice,9,4,2,7,2022_08_17-16_33_14.xml,None,65,8,"(<NoteRangePerHand.ONE_NOTE: 2>, <NoteRangePerHand.C_TO_G: 6>, [0.5, 0.25], 'right')",,0.0,0.17053833333333376,0.04400070588235289,0.0,0.0,0.21453903921568665,0.0,0.0,0.0,0.0,0.0,0.0
2022-08-17,16:36:30,3,Free text,Practice,9,5,3,5,2022_08_17-16_33_14.xml,None,65,8,"(<NoteRangePerHand.ONE_NOTE: 2>, <NoteRangePerHand.C_TO_G: 6>, [0.5, 0.25], 'right')",,0.17647058823529413,0.08954677777777804,0.1456157647058822,0.0,0.058823529411764705,0.4704566601307191,0.0,0.0,0.0,0.0,0.0,0.0
2022-08-17,16:39:07,3,Free text,Test,11,1,1,7,2022_08_17-16_39_01.xml,None,50,8,"(<NoteRangePerHand.ONE_NOTE: 2>, <NoteRangePerHand.C_TO_G: 6>, [0.5, 0.25], 'right')",D:/Jason/comp_scaffold/DexmoPiano/output/2022_08_17-16_33_14.mid,0.0,0.12430555555555584,0.03176470588235289,0.0,0.0,0.15607026143790872,0.0,0.0,0.0,0.0,0.0,0.0
2022-08-17,16:42:17,3,Free text,Test,12,1,4,4,2022_08_17-16_42_04.xml,None,50,8,"(<NoteRangePerHand.ONE_NOTE: 2>, <NoteRangePerHand.C_TO_G: 6>, [0.5, 0.25], 'right')",,0.36,0.44102777777777846,0.5524800000000007,0.0,0.0,1.353507777777779,0.0,0.0,0.0,0.0,0.0,0.0
2022-08-17,16:43:13,3,Free text,Test,12,2,4,4,2022_08_17-16_42_04.xml,None,50,8,"(<NoteRangePerHand.ONE_NOTE: 2>, <NoteRangePerHand.C_TO_G: 6>, [0.5, 0.25], 'right')",,0.2,0.2902222222222226,0.3125600000000005,0.0,0.04,0.8427822222222232,0.0,0.0,0.0,0.0,0.0,0.0
2022-08-17,16:44:05,3,Free text,Test,12,3,2,6,2022_08_17-16_42_04.xml,None,50,8,"(<NoteRangePerHand.ONE_NOTE: 2>, <NoteRangePerHand.C_TO_G: 6>, [0.5, 0.25], 'right')",,0.12,0.3411388888888895,0.3420400000000005,0.0,0.0,0.80317888888889,0.0,0.0,0.0,0.0,0.0,0.0
2022-08-17,16:44:59,3,Free text,Test,12,4,2,7,2022_08_17-16_42_04.xml,None,50,8,"(<NoteRangePerHand.ONE_NOTE: 2>, <NoteRangePerHand.C_TO_G: 6>, [0.5, 0.25], 'right')",,0.0,0.32102777777777824,0.2970000000000007,0.0,0.0,0.618027777777779,0.0,0.0,0.0,0.0,0.0,0.0
2022-08-17,16:45:50,3,Free text,Test,12,5,2,7,2022_08_17-16_42_04.xml,None,50,8,"(<NoteRangePerHand.ONE_NOTE: 2>, <NoteRangePerHand.C_TO_G: 6>, [0.5, 0.25], 'right')",,0.0,0.330416666666667,0.35408000000000056,0.0,0.0,0.6844966666666676,0.0,0.0,0.0,0.0,0.0,0.0
2022-08-17,16:46:50,3,Free text,Test,12,6,2,5,2022_08_17-16_42_04.xml,None,50,8,"(<NoteRangePerHand.ONE_NOTE: 2>, <NoteRangePerHand.C_TO_G: 6>, [0.5, 0.25], 'right')",,0.16,0.2895555555555556,0.3608400000000006,0.0,0.0,0.8103955555555562,0.0,0.0,0.0,0.0,0.0,0.0
2022-08-17,16:47:44,3,Free text,Test,12,7,1,5,2022_08_17-16_42_04.xml,None,50,8,"(<NoteRangePerHand.ONE_NOTE: 2>, <NoteRangePerHand.C_TO_G: 6>, [0.5, 0.25], 'right')",,0.12,0.12161111111111077,0.04303999999999977,0.0,0.0,0.2846511111111105,0.0,0.0,0.0,0.0,0.0,0.0
2022-08-17,16:50:47,3,Free text,Practice,13,1,1,6,2022_08_17-16_50_40.xml,None,40,8,"(<NoteRangePerHand.ONE_NOTE: 2>, <NoteRangePerHand.C_TO_G: 6>, [0.5, 0.25], 'right')",,0.0,0.2133055555555556,0.12375000000000021,0.0,0.0,0.33705555555555583,0.0,0.0,0.0,0.0,0.0,0.0
2022-08-17,16:51:50,3,Free text,Practice,13,2,1,6,2022_08_17-16_50_40.xml,None,40,8,"(<NoteRangePerHand.ONE_NOTE: 2>, <NoteRangePerHand.C_TO_G: 6>, [0.5, 0.25], 'right')",,0.35,0.3499722222222225,0.7748500000000004,0.0,0.35,1.824822222222223,0.0,0.0,0.0,0.0,0.0,0.0
2022-08-17,16:52:51,3,Free text,Practice,13,3,1,7,2022_08_17-16_50_40.xml,None,40,8,"(<NoteRangePerHand.ONE_NOTE: 2>, <NoteRangePerHand.C_TO_G: 6>, [0.5, 0.25], 'right')",,0.0,0.16380555555555568,0.12075000000000044,0.0,0.0,0.2845555555555561,0.0,0.0,0.0,0.0,0.0,0.0
2022-08-17,16:53:55,3,Free text,Practice,13,4,1,7,2022_08_17-16_50_40.xml,None,40,8,"(<NoteRangePerHand.ONE_NOTE: 2>, <NoteRangePerHand.C_TO_G: 6>, [0.5, 0.25], 'right')",,0.0,0.09727777777777767,0.057299999999999726,0.0,0.05,0.20457777777777741,0.0,0.0,0.0,0.0,0.0,0.0
2022-08-17,16:55:05,3,Free text,Practice,13,5,1,7,2022_08_17-16_50_40.xml,None,40,8,"(<NoteRangePerHand.ONE_NOTE: 2>, <NoteRangePerHand.C_TO_G: 6>, [0.5, 0.25], 'right')",,0.0,0.1299444444444443,0.05505000000000084,0.0,0.0,0.18499444444444516,0.0,0.0,0.0,0.0,0.0,0.0
2022-08-17,19:12:53,3,Free text,Retention,14,1,1,7,2022_08_17-19_12_37.xml,None,50,8,"(<NoteRangePerHand.ONE_NOTE: 2>, <NoteRangePerHand.C_TO_G: 6>, [0.5, 0.25], 'right')",D:/Jason/comp_scaffold/DexmoPiano/output/2022_08_17-16_20_41.mid,0.6,0.05077777777777808,0.03940000000000078,0.0,0.0,0.6901777777777788,0.0,0.0,0.0,0.0,0.0,0.0
2022-08-17,19:13:56,3,Free text,Retention,14,2,2,5,2022_08_17-19_12_37.xml,None,50,8,"(<NoteRangePerHand.ONE_NOTE: 2>, <NoteRangePerHand.C_TO_G: 6>, [0.5, 0.25], 'right')",D:/Jason/comp_scaffold/DexmoPiano/output/2022_08_17-16_20_41.mid,0.13333333333333333,0.09530555555555627,0.05186666666666605,0.06666666666666667,0.0,0.3471722222222223,0.0,0.0,0.0,0.0,0.0,0.0
2022-08-17,19:14:46,3,Free text,Retention,14,3,1,6,2022_08_17-19_12_37.xml,None,50,8,"(<NoteRangePerHand.ONE_NOTE: 2>, <NoteRangePerHand.C_TO_G: 6>, [0.5, 0.25], 'right')",D:/Jason/comp_scaffold/DexmoPiano/output/2022_08_17-16_20_41.mid,0.06666666666666667,0.0607500000000005,0.04233333333333344,0.0,0.0,0.16975000000000062,0.0,0.0,0.0,0.0,0.0,0.0
2022-08-17,19:16:29,3,Free text,Retention,15,1,4,3,2022_08_17-19_12_37.xml,None,50,8,"(<NoteRangePerHand.ONE_NOTE: 2>, <NoteRangePerHand.C_TO_G: 6>, [0.5, 0.25], 'right')",D:/Jason/comp_scaffold/DexmoPiano/output/2022_08_17-16_20_41.mid,0.8,0.2758611111111111,1.1316666666666664,0.0,0.4666666666666667,2.6741944444444443,0.0,0.0,0.0,0.0,0.0,0.0
2022-08-17,19:17:33,3,Free text,Retention,15,2,2,5,2022_08_17-19_12_37.xml,None,50,8,"(<NoteRangePerHand.ONE_NOTE: 2>, <NoteRangePerHand.C_TO_G: 6>, [0.5, 0.25], 'right')",D:/Jason/comp_scaffold/DexmoPiano/output/2022_08_17-16_20_41.mid,0.8,0.25341666666666657,1.0653333333333321,0.0,0.3333333333333333,2.452083333333332,0.0,0.0,0.0,0.0,0.0,0.0
2022-08-17,19:18:40,3,Free text,Retention,15,3,1,7,2022_08_17-19_12_37.xml,None,50,8,"(<NoteRangePerHand.ONE_NOTE: 2>, <NoteRangePerHand.C_TO_G: 6>, [0.5, 0.25], 'right')",D:/Jason/comp_scaffold/DexmoPiano/output/2022_08_17-16_20_41.mid,0.8666666666666667,0.239777777777778,1.3033333333333317,0.0,0.3333333333333333,2.74311111111111,0.0,0.0,0.0,0.0,0.0,0.0
2022-08-17,19:20:45,3,Free text,Retention,16,1,1,7,2022_08_17-19_20_38.xml,None,50,8,"(<NoteRangePerHand.ONE_NOTE: 2>, <NoteRangePerHand.C_TO_G: 6>, [0.5, 0.25], 'right')",D:/Jason/comp_scaffold/DexmoPiano/output/2022_08_17-16_33_14.mid,0.0,0.13177777777777785,0.05264705882352918,0.0,0.0,0.18442483660130704,0.0,0.0,0.0,0.0,0.0,0.0
2022-08-17,19:21:35,3,Free text,Retention,16,2,1,7,2022_08_17-19_20_38.xml,None,50,8,"(<NoteRangePerHand.ONE_NOTE: 2>, <NoteRangePerHand.C_TO_G: 6>, [0.5, 0.25], 'right')",D:/Jason/comp_scaffold/DexmoPiano/output/2022_08_17-16_33_14.mid,0.058823529411764705,0.16555555555555584,0.02652941176470492,0.0,0.0,0.2509084967320255,0.0,0.0,0.0,0.0,0.0,0.0
2022-08-17,19:22:26,3,Free text,Retention,16,3,1,7,2022_08_17-19_20_38.xml,None,50,8,"(<NoteRangePerHand.ONE_NOTE: 2>, <NoteRangePerHand.C_TO_G: 6>, [0.5, 0.25], 'right')",D:/Jason/comp_scaffold/DexmoPiano/output/2022_08_17-16_33_14.mid,0.058823529411764705,0.14963888888888893,0.04935294117647066,0.0,0.0,0.2578153594771243,0.0,0.0,0.0,0.0,0.0,0.0
2022-08-17,19:24:10,3,Free text,Retention,17,1,2,6,2022_08_17-19_20_38.xml,None,50,8,"(<NoteRangePerHand.ONE_NOTE: 2>, <NoteRangePerHand.C_TO_G: 6>, [0.5, 0.25], 'right')",D:/Jason/comp_scaffold/DexmoPiano/output/2022_08_17-16_33_14.mid,0.9411764705882353,0.21522222222222237,0.8674705882352934,0.0,0.5294117647058824,2.5532810457516333,0.0,0.0,0.0,0.0,0.0,0.0
2022-08-17,19:25:05,3,Free text,Retention,17,2,1,7,2022_08_17-19_20_38.xml,None,50,8,"(<NoteRangePerHand.ONE_NOTE: 2>, <NoteRangePerHand.C_TO_G: 6>, [0.5, 0.25], 'right')",D:/Jason/comp_scaffold/DexmoPiano/output/2022_08_17-16_33_14.mid,0.9411764705882353,0.17180555555555577,0.5892352941176469,0.058823529411764705,0.5294117647058824,2.290452614379085,0.0,0.0,0.0,0.0,0.0,0.0
2022-08-17,19:26:05,3,Free text,Retention,17,3,1,7,2022_08_17-19_20_38.xml,None,50,8,"(<NoteRangePerHand.ONE_NOTE: 2>, <NoteRangePerHand.C_TO_G: 6>, [0.5, 0.25], 'right')",D:/Jason/comp_scaffold/DexmoPiano/output/2022_08_17-16_33_14.mid,0.9411764705882353,0.1713333333333333,0.8897058823529399,0.0,0.47058823529411764,2.472803921568626,0.0,0.0,0.0,0.0,0.0,0.0
2022-08-17,19:27:18,3,Free text,Retention,18,1,1,7,2022_08_17-19_27_13.xml,None,50,8,"(<NoteRangePerHand.ONE_NOTE: 2>, <NoteRangePerHand.C_TO_G: 6>, [0.5, 0.25], 'right')",D:/Jason/comp_scaffold/DexmoPiano/output/2022_08_17-16_50_40.mid,0.0,0.13013888888888914,0.08585000000000047,0.0,0.0,0.21598888888888962,0.0,0.0,0.0,0.0,0.0,0.0
2022-08-17,19:28:09,3,Free text,Retention,18,2,1,7,2022_08_17-19_27_13.xml,None,50,8,"(<NoteRangePerHand.ONE_NOTE: 2>, <NoteRangePerHand.C_TO_G: 6>, [0.5, 0.25], 'right')",D:/Jason/comp_scaffold/DexmoPiano/output/2022_08_17-16_50_40.mid,0.0,0.1559722222222229,0.049949999999999495,0.0,0.05,0.2559222222222224,0.0,0.0,0.0,0.0,0.0,0.0
2022-08-17,19:29:01,3,Free text,Retention,18,3,1,6,2022_08_17-19_27_13.xml,None,50,8,"(<NoteRangePerHand.ONE_NOTE: 2>, <NoteRangePerHand.C_TO_G: 6>, [0.5, 0.25], 'right')",D:/Jason/comp_scaffold/DexmoPiano/output/2022_08_17-16_50_40.mid,0.0,0.1597222222222223,0.0870000000000001,0.0,0.05,0.2967222222222224,0.0,0.0,0.0,0.0,0.0,0.0
