date,time,user_id,free_text,phase,task_number,trial_number,diff_rating,perf_rating,saved_filename,practice_mode,bpm,number_of_bars,complexityLevel,loaded_filename,pitch_right,note_hold_time_right,timing_right,n_missing_notes_right,n_extra_notes_right,Summed_right,pitch_left,note_hold_time_left,timing_left,n_missing_notes_left,n_extra_notes_left,Summed_left
17/08/2022,10:50:11,Enter ID,Free text,None,2,1,None,None,2022_08_17-10_39_27.xml,None,40,8,"(<NoteRangePerHand.ONE_NOTE: 2>, <NoteRangePerHand.TWO_NOTES: 3>, [0.5, 0.25], 'right')",,0.19047619,0.170722222,0.022904762,0.714285714,0,0.927666666,0,0,0,0,0,0
17/08/2022,11:39:11,Enter ID,Free text,None,3,1,None,None,2022_08_17-11_39_10.xml,None,200,8,"(<NoteRangePerHand.ONE_NOTE: 2>, <NoteRangePerHand.C_TO_G: 6>, [0.25], 'right')",,0,0.006166667,0,1.095238095,0,1.095238095,0,0,0,0,0,0
17/08/2022,11:52:52,Enter ID,Free text,None,2,1,None,None,2022_08_17-11_52_51.xml,None,40,8,"(<NoteRangePerHand.ONE_NOTE: 2>, <NoteRangePerHand.TWO_NOTES: 3>, [0.5, 0.25], 'right')",,0.148148148,0.23,0.009296296,1.740740741,0,1.898185185,0,0,0,0,0,0
17/08/2022,12:11:27,Enter ID,Free text,None,4,1,1,6,2022_08_17-12_11_08.xml,None,60,8,"(<NoteRangePerHand.ONE_NOTE: 2>, <NoteRangePerHand.TWO_NOTES: 3>, [0.25], 'right')",,0,0.321416667,0.057055556,0,0,0.057055556,0,0,0,0,0,0
17/08/2022,12:16:09,1,Free text,Calibration,6,1,4,5,2022_08_17-12_15_57.xml,None,166,8,"(<NoteRangePerHand.ONE_NOTE: 2>, <NoteRangePerHand.C_TO_G: 6>, [0.5, 0.25], 'right')",,0.2,0.08101875,0.042673667,1.2,0,1.442673667,0,0,0,0,0,0
17/08/2022,12:16:49,1,Free text,Calibration,6,2,4,5,2022_08_17-12_15_57.xml,None,166,8,"(<NoteRangePerHand.ONE_NOTE: 2>, <NoteRangePerHand.C_TO_G: 6>, [0.5, 0.25], 'right')",,0.066666667,0.079052778,0.061881,1.266666667,0.066666667,1.461881001,0,0,0,0,0,0
17/08/2022,12:17:17,1,Free text,Calibration,6,3,3,5,2022_08_17-12_15_57.xml,None,166,8,"(<NoteRangePerHand.ONE_NOTE: 2>, <NoteRangePerHand.C_TO_G: 6>, [0.5, 0.25], 'right')",,0.066666667,0.086355139,0.030925667,1.2,0,1.297592334,0,0,0,0,0,0
17/08/2022,12:19:55,1,Free text,Calibration,7,1,6,3,2022_08_17-12_19_48.xml,None,232,8,"(<NoteRangePerHand.ONE_NOTE: 2>, <NoteRangePerHand.C_TO_G: 6>, [0.5, 0.25], 'right')",,0,0.129843333,0.014753043,0.043478261,0,0.058231304,0,0,0,0,0,0
17/08/2022,12:20:14,1,Free text,Calibration,7,2,6,3,2022_08_17-12_19_48.xml,None,232,8,"(<NoteRangePerHand.ONE_NOTE: 2>, <NoteRangePerHand.C_TO_G: 6>, [0.5, 0.25], 'right')",,0,0.138565556,0.023264348,0.043478261,0,0.066742609,0,0,0,0,0,0
17/08/2022,12:20:34,1,Free text,Calibration,7,3,6,4,2022_08_17-12_19_48.xml,None,232,8,"(<NoteRangePerHand.ONE_NOTE: 2>, <NoteRangePerHand.C_TO_G: 6>, [0.5, 0.25], 'right')",,0,0.138148889,0.015046957,0.043478261,0,0.058525218,0,0,0,0,0,0
17/08/2022,12:20:57,1,Free text,Calibration,7,4,6,4,2022_08_17-12_19_48.xml,None,232,8,"(<NoteRangePerHand.ONE_NOTE: 2>, <NoteRangePerHand.C_TO_G: 6>, [0.5, 0.25], 'right')",,0,0.13876,0.017893913,0.043478261,0,0.061372174,0,0,0,0,0,0
17/08/2022,12:23:36,1,Free text,Calibration,8,1,7,2,2022_08_17-12_21_45.xml,None,265,8,"(<NoteRangePerHand.ONE_NOTE: 2>, <NoteRangePerHand.C_TO_G: 6>, [0.5, 0.25], 'right')",,0,0.049679722,0.031319706,0,0,0.031319706,0,0,0,0,0,0
17/08/2022,12:23:56,1,Free text,Calibration,8,2,7,2,2022_08_17-12_21_45.xml,None,265,8,"(<NoteRangePerHand.ONE_NOTE: 2>, <NoteRangePerHand.C_TO_G: 6>, [0.5, 0.25], 'right')",,0,0.039471667,0.037477353,0.117647059,0,0.155124412,0,0,0,0,0,0
17/08/2022,12:24:13,1,Free text,Calibration,8,3,7,3,2022_08_17-12_21_45.xml,None,265,8,"(<NoteRangePerHand.ONE_NOTE: 2>, <NoteRangePerHand.C_TO_G: 6>, [0.5, 0.25], 'right')",,0,0.049869444,0.024133235,0,0,0.024133235,0,0,0,0,0,0
17/08/2022,12:29:12,1,Free text,Practice,9,1,5,5,2022_08_17-12_28_39.xml,None,248,8,"(<NoteRangePerHand.ONE_NOTE: 2>, <NoteRangePerHand.C_TO_G: 6>, [0.5, 0.25], 'right')",,0,0.116977222,0.0168725,0,0,0.0168725,0,0,0,0,0,0
17/08/2022,12:29:44,1,Free text,Practice,9,2,3,5,2022_08_17-12_28_39.xml,None,248,8,"(<NoteRangePerHand.ONE_NOTE: 2>, <NoteRangePerHand.C_TO_G: 6>, [0.5, 0.25], 'right')",,0,0.037140694,0.072717273,0.090909091,0,0.163626364,0,0,0,0,0,0
17/08/2022,12:30:18,1,Free text,Practice,9,3,3,3,2022_08_17-12_28_39.xml,None,248,8,"(<NoteRangePerHand.ONE_NOTE: 2>, <NoteRangePerHand.C_TO_G: 6>, [0.5, 0.25], 'right')",,0.227272727,0.036201667,0.035013636,0.181818182,0,0.444104545,0,0,0,0,0,0
17/08/2022,12:30:49,1,Free text,Practice,9,4,3,4,2022_08_17-12_28_39.xml,None,248,8,"(<NoteRangePerHand.ONE_NOTE: 2>, <NoteRangePerHand.C_TO_G: 6>, [0.5, 0.25], 'right')",,0.136363636,0.026257222,0.018519545,0.136363636,0,0.291246817,0,0,0,0,0,0
17/08/2022,12:31:17,1,Free text,Practice,9,5,3,4,2022_08_17-12_28_39.xml,None,248,8,"(<NoteRangePerHand.ONE_NOTE: 2>, <NoteRangePerHand.C_TO_G: 6>, [0.5, 0.25], 'right')",,0.181818182,0.032033194,0.018240909,0.136363636,0,0.336422727,0,0,0,0,0,0
17/08/2022,12:32:23,1,Free text,Test,10,1,4,4,2022_08_17-12_28_39.xml,None,248,8,"(<NoteRangePerHand.ONE_NOTE: 2>, <NoteRangePerHand.C_TO_G: 6>, [0.5, 0.25], 'right')",,0,0.038980139,0.025562045,0.045454545,0,0.071016591,0,0,0,0,0,0
17/08/2022,12:35:09,1,Free text,Test,11,1,4,4,2022_08_17-12_35_01.xml,None,248,8,"(<NoteRangePerHand.ONE_NOTE: 2>, <NoteRangePerHand.C_TO_G: 6>, [0.5, 0.25], 'right')",,0,0.091791806,0.042629167,0,0,0.042629167,0,0,0,0,0,0
17/08/2022,12:35:28,1,Free text,Test,11,2,4,2,2022_08_17-12_35_01.xml,None,248,8,"(<NoteRangePerHand.ONE_NOTE: 2>, <NoteRangePerHand.C_TO_G: 6>, [0.5, 0.25], 'right')",,0,0.079104583,0.035090278,0.111111111,0,0.146201389,0,0,0,0,0,0
17/08/2022,12:35:50,1,Free text,Test,11,3,4,3,2022_08_17-12_35_01.xml,None,248,8,"(<NoteRangePerHand.ONE_NOTE: 2>, <NoteRangePerHand.C_TO_G: 6>, [0.5, 0.25], 'right')",,0,0.076300833,0.029251111,0.055555556,0,0.084806667,0,0,0,0,0,0
17/08/2022,12:38:46,1,Free text,Practice,12,1,2,6,2022_08_17-12_38_38.xml,None,174,8,"(<NoteRangePerHand.ONE_NOTE: 2>, <NoteRangePerHand.C_TO_G: 6>, [0.5, 0.25], 'right')",,0,0.173490972,0.01902532,0,0,0.01902532,0,0,0,0,0,0
17/08/2022,12:39:09,1,Free text,Practice,12,2,2,6,2022_08_17-12_38_38.xml,None,174,8,"(<NoteRangePerHand.ONE_NOTE: 2>, <NoteRangePerHand.C_TO_G: 6>, [0.5, 0.25], 'right')",,0,0.167824306,0.01742532,0,0,0.01742532,0,0,0,0,0,0
17/08/2022,12:39:30,1,Free text,Practice,12,3,1,6,2022_08_17-12_38_38.xml,None,174,8,"(<NoteRangePerHand.ONE_NOTE: 2>, <NoteRangePerHand.C_TO_G: 6>, [0.5, 0.25], 'right')",,0,0.16401875,0.01886532,0,0,0.01886532,0,0,0,0,0,0
17/08/2022,12:39:52,1,Free text,Practice,12,4,1,7,2022_08_17-12_38_38.xml,None,174,8,"(<NoteRangePerHand.ONE_NOTE: 2>, <NoteRangePerHand.C_TO_G: 6>, [0.5, 0.25], 'right')",,0,0.163074306,0.01709148,0,0,0.01709148,0,0,0,0,0,0
17/08/2022,12:40:15,1,Free text,Practice,12,5,1,7,2022_08_17-12_38_38.xml,None,174,8,"(<NoteRangePerHand.ONE_NOTE: 2>, <NoteRangePerHand.C_TO_G: 6>, [0.5, 0.25], 'right')",,0,0.163148028,0.019933,0,0,0.019933,0,0,0,0,0,0
17/08/2022,12:41:05,1,Free text,Test,13,1,4,5,2022_08_17-12_38_38.xml,None,248,8,"(<NoteRangePerHand.ONE_NOTE: 2>, <NoteRangePerHand.C_TO_G: 6>, [0.5, 0.25], 'right')",,0,0.193916194,0.11890548,0,0,0.11890548,0,0,0,0,0,0
17/08/2022,12:43:10,1,Free text,Practice,14,1,5,3,2022_08_17-12_43_05.xml,None,248,8,"(<NoteRangePerHand.ONE_NOTE: 2>, <NoteRangePerHand.C_TO_G: 6>, [0.5, 0.25], 'right')",,0,0.074121528,0.047941563,0,0,0.047941563,0,0,0,0,0,0
17/08/2022,12:43:31,1,Free text,Practice,14,2,5,4,2022_08_17-12_43_05.xml,None,248,8,"(<NoteRangePerHand.ONE_NOTE: 2>, <NoteRangePerHand.C_TO_G: 6>, [0.5, 0.25], 'right')",,0,0.06836,0.036994375,0.0625,0,0.099494375,0,0,0,0,0,0
17/08/2022,12:43:48,1,Free text,Practice,14,3,5,4,2022_08_17-12_43_05.xml,None,248,8,"(<NoteRangePerHand.ONE_NOTE: 2>, <NoteRangePerHand.C_TO_G: 6>, [0.5, 0.25], 'right')",,0,0.071774861,0.033435937,0,0,0.033435937,0,0,0,0,0,0
17/08/2022,12:44:07,1,Free text,Practice,14,4,5,2,2022_08_17-12_43_05.xml,None,248,8,"(<NoteRangePerHand.ONE_NOTE: 2>, <NoteRangePerHand.C_TO_G: 6>, [0.5, 0.25], 'right')",,0.125,0.08041375,0.059411563,0,0,0.184411563,0,0,0,0,0,0
17/08/2022,12:44:26,1,Free text,Practice,14,5,5,3,2022_08_17-12_43_05.xml,None,248,8,"(<NoteRangePerHand.ONE_NOTE: 2>, <NoteRangePerHand.C_TO_G: 6>, [0.5, 0.25], 'right')",,0,0.070876944,0.0546575,0.0625,0,0.1171575,0,0,0,0,0,0
17/08/2022,12:45:00,1,Free text,Test,15,1,5,3,2022_08_17-12_43_05.xml,None,248,8,"(<NoteRangePerHand.ONE_NOTE: 2>, <NoteRangePerHand.C_TO_G: 6>, [0.5, 0.25], 'right')",,0,0.059828611,0.04201875,0.0625,0,0.10451875,0,0,0,0,0,0
17/08/2022,12:47:12,1,Free text,Practice,16,1,7,2,2022_08_17-12_47_07.xml,None,322,8,"(<NoteRangePerHand.ONE_NOTE: 2>, <NoteRangePerHand.C_TO_G: 6>, [0.5, 0.25], 'right')",,0.333333333,0.065204861,0.044512917,0.166666667,0,0.544512917,0,0,0,0,0,0
17/08/2022,12:47:28,1,Free text,Practice,16,2,7,1,2022_08_17-12_47_07.xml,None,322,8,"(<NoteRangePerHand.ONE_NOTE: 2>, <NoteRangePerHand.C_TO_G: 6>, [0.5, 0.25], 'right')",,0.541666667,0.080834583,0.045471875,0.083333333,0,0.670471875,0,0,0,0,0,0
17/08/2022,12:47:46,1,Free text,Practice,16,3,7,1,2022_08_17-12_47_07.xml,None,322,8,"(<NoteRangePerHand.ONE_NOTE: 2>, <NoteRangePerHand.C_TO_G: 6>, [0.5, 0.25], 'right')",,0.166666667,0.078973472,0.0628875,0.083333333,0,0.3128875,0,0,0,0,0,0
17/08/2022,12:48:03,1,Free text,Practice,16,4,7,1,2022_08_17-12_47_07.xml,None,322,8,"(<NoteRangePerHand.ONE_NOTE: 2>, <NoteRangePerHand.C_TO_G: 6>, [0.5, 0.25], 'right')",,0.291666667,0.074195694,0.049318542,0.083333333,0,0.424318542,0,0,0,0,0,0
17/08/2022,12:48:23,1,Free text,Practice,16,5,7,3,2022_08_17-12_47_07.xml,None,322,8,"(<NoteRangePerHand.ONE_NOTE: 2>, <NoteRangePerHand.C_TO_G: 6>, [0.5, 0.25], 'right')",,0,0.081205,0.037040208,0.041666667,0,0.078706875,0,0,0,0,0,0
17/08/2022,12:49:01,1,Free text,Test,17,1,6,2,2022_08_17-12_47_07.xml,None,248,8,"(<NoteRangePerHand.ONE_NOTE: 2>, <NoteRangePerHand.C_TO_G: 6>, [0.5, 0.25], 'right')",,0.291666667,0.065547361,0.094304583,0.125,0.041666667,0.552637917,0,0,0,0,0,0
17/08/2022,12:49:24,1,Free text,Test,17,2,6,3,2022_08_17-12_47_07.xml,None,248,8,"(<NoteRangePerHand.ONE_NOTE: 2>, <NoteRangePerHand.C_TO_G: 6>, [0.5, 0.25], 'right')",,0.333333333,0.064241667,0.095012917,0.125,0,0.55334625,0,0,0,0,0,0
17/08/2022,12:53:28,1,Free text,Retention,18,1,4,6,2022_08_17-12_53_21.xml,None,248,8,"(<NoteRangePerHand.ONE_NOTE: 2>, <NoteRangePerHand.C_TO_G: 6>, [0.5, 0.25], 'right')",D:/Jason/comp_scaffold/DexmoPiano/output/2022_08_17-12_28_39.mid,0,0.038315278,0.0324475,0,0,0.0324475,0,0,0,0,0,0
17/08/2022,12:53:48,1,Free text,Retention,18,2,4,5,2022_08_17-12_53_21.xml,None,248,8,"(<NoteRangePerHand.ONE_NOTE: 2>, <NoteRangePerHand.C_TO_G: 6>, [0.5, 0.25], 'right')",D:/Jason/comp_scaffold/DexmoPiano/output/2022_08_17-12_28_39.mid,0,0.047057361,0.036768636,0.045454545,0,0.082223181,0,0,0,0,0,0
17/08/2022,12:54:08,1,Free text,Retention,18,3,4,6,2022_08_17-12_53_21.xml,None,248,8,"(<NoteRangePerHand.ONE_NOTE: 2>, <NoteRangePerHand.C_TO_G: 6>, [0.5, 0.25], 'right')",D:/Jason/comp_scaffold/DexmoPiano/output/2022_08_17-12_28_39.mid,0,0.043437222,0.042129318,0,0,0.042129318,0,0,0,0,0,0
17/08/2022,12:55:01,1,Free text,Retention,19,1,4,5,2022_08_17-12_54_54.xml,None,248,8,"(<NoteRangePerHand.ONE_NOTE: 2>, <NoteRangePerHand.C_TO_G: 6>, [0.5, 0.25], 'right')",D:/Jason/comp_scaffold/DexmoPiano/output/2022_08_17-12_35_01.mid,0,0.075686111,0.036724444,0.055555556,0,0.09228,0,0,0,0,0,0
17/08/2022,12:55:19,1,Free text,Retention,19,2,4,5,2022_08_17-12_54_54.xml,None,248,8,"(<NoteRangePerHand.ONE_NOTE: 2>, <NoteRangePerHand.C_TO_G: 6>, [0.5, 0.25], 'right')",D:/Jason/comp_scaffold/DexmoPiano/output/2022_08_17-12_35_01.mid,0,0.092014028,0.077831944,0,0.055555556,0.1333875,0,0,0,0,0,0
17/08/2022,12:55:39,1,Free text,Retention,19,3,4,4,2022_08_17-12_54_54.xml,None,248,8,"(<NoteRangePerHand.ONE_NOTE: 2>, <NoteRangePerHand.C_TO_G: 6>, [0.5, 0.25], 'right')",D:/Jason/comp_scaffold/DexmoPiano/output/2022_08_17-12_35_01.mid,0,0.069024861,0.033369444,0.111111111,0,0.144480555,0,0,0,0,0,0
17/08/2022,12:56:20,1,Free text,Retention,20,1,3,6,2022_08_17-12_56_15.xml,None,248,8,"(<NoteRangePerHand.ONE_NOTE: 2>, <NoteRangePerHand.C_TO_G: 6>, [0.5, 0.25], 'right')",D:/Jason/comp_scaffold/DexmoPiano/output/2022_08_17-12_38_38.mid,0,0.116069583,0.0182842,0,0,0.0182842,0,0,0,0,0,0
17/08/2022,12:56:37,1,Free text,Retention,20,2,2,6,2022_08_17-12_56_15.xml,None,248,8,"(<NoteRangePerHand.ONE_NOTE: 2>, <NoteRangePerHand.C_TO_G: 6>, [0.5, 0.25], 'right')",D:/Jason/comp_scaffold/DexmoPiano/output/2022_08_17-12_38_38.mid,0,0.113729028,0.0100946,0,0,0.0100946,0,0,0,0,0,0
17/08/2022,12:56:58,1,Free text,Retention,20,3,2,7,2022_08_17-12_56_15.xml,None,248,8,"(<NoteRangePerHand.ONE_NOTE: 2>, <NoteRangePerHand.C_TO_G: 6>, [0.5, 0.25], 'right')",D:/Jason/comp_scaffold/DexmoPiano/output/2022_08_17-12_38_38.mid,0,0.110923472,0.0123798,0,0,0.0123798,0,0,0,0,0,0
17/08/2022,12:57:55,1,Free text,Retention,21,1,4,5,2022_08_17-12_57_49.xml,None,248,8,"(<NoteRangePerHand.ONE_NOTE: 2>, <NoteRangePerHand.C_TO_G: 6>, [0.5, 0.25], 'right')",D:/Jason/comp_scaffold/DexmoPiano/output/2022_08_17-12_43_05.mid,0,0.064747083,0.045637187,0,0,0.045637187,0,0,0,0,0,0
17/08/2022,12:58:17,1,Free text,Retention,21,2,3,6,2022_08_17-12_57_49.xml,None,248,8,"(<NoteRangePerHand.ONE_NOTE: 2>, <NoteRangePerHand.C_TO_G: 6>, [0.5, 0.25], 'right')",D:/Jason/comp_scaffold/DexmoPiano/output/2022_08_17-12_43_05.mid,0,0.061365417,0.049449688,0,0,0.049449688,0,0,0,0,0,0
17/08/2022,12:58:35,1,Free text,Retention,21,3,3,6,2022_08_17-12_57_49.xml,None,248,8,"(<NoteRangePerHand.ONE_NOTE: 2>, <NoteRangePerHand.C_TO_G: 6>, [0.5, 0.25], 'right')",D:/Jason/comp_scaffold/DexmoPiano/output/2022_08_17-12_43_05.mid,0,0.064969306,0.060669687,0,0,0.060669687,0,0,0,0,0,0
17/08/2022,12:59:34,1,Free text,Retention,22,1,3,5,2022_08_17-12_59_30.xml,None,248,8,"(<NoteRangePerHand.ONE_NOTE: 2>, <NoteRangePerHand.C_TO_G: 6>, [0.5, 0.25], 'right')",D:/Jason/comp_scaffold/DexmoPiano/output/2022_08_17-12_47_07.mid,0,0.102095556,0.028481667,0.041666667,0,0.070148334,0,0,0,0,0,0
17/08/2022,12:59:51,1,Free text,Retention,22,2,3,5,2022_08_17-12_59_30.xml,None,248,8,"(<NoteRangePerHand.ONE_NOTE: 2>, <NoteRangePerHand.C_TO_G: 6>, [0.5, 0.25], 'right')",D:/Jason/comp_scaffold/DexmoPiano/output/2022_08_17-12_47_07.mid,0,0.117645694,0.020629375,0,0,0.020629375,0,0,0,0,0,0
17/08/2022,13:00:08,1,Free text,Retention,22,3,3,6,2022_08_17-12_59_30.xml,None,248,8,"(<NoteRangePerHand.ONE_NOTE: 2>, <NoteRangePerHand.C_TO_G: 6>, [0.5, 0.25], 'right')",D:/Jason/comp_scaffold/DexmoPiano/output/2022_08_17-12_47_07.mid,0,0.114503194,0.027826875,0,0,0.027826875,0,0,0,0,0,0
17/08/2022,13:55:55,Enter ID,Free text,Retention,22,4,3,6,2022_08_17-12_59_30.xml,None,248,8,"(<NoteRangePerHand.ONE_NOTE: 2>, <NoteRangePerHand.C_TO_G: 6>, [0.5, 0.25], 'right')",D:/Jason/comp_scaffold/DexmoPiano/output/2022_08_17-12_47_07.mid,0.125,0.031541111,0.0434475,0.833333333,0,1.001780833,0,0,0,0,0,0
17/08/2022,14:13:23,Enter ID,Free text,None,1,1,4,4,2022_08_17-14_12_46.xml,None,80,8,"(<NoteRangePerHand.ONE_NOTE: 2>, <NoteRangePerHand.TWO_NOTES: 3>, [0.25], 'right')",,0,0.085,0.152529412,0.058823529,0,0.211352941,0,0,0,0,0,0
17/08/2022,14:15:36,2,Free text,None,2,1,2,6,2022_08_17-14_15_18.xml,None,80,8,"(<NoteRangePerHand.ONE_NOTE: 2>, <NoteRangePerHand.TWO_NOTES: 3>, [0.25], 'right')",,0,0.367333333,0.069631579,0,0,0.069631579,0,0,0,0,0,0
17/08/2022,14:20:02,2,Free text,Calibration,3,1,6,4,2022_08_17-14_19_37.xml,None,166,8,"(<NoteRangePerHand.ONE_NOTE: 2>, <NoteRangePerHand.C_TO_G: 6>, [0.5, 0.25], 'right')",,0.115384615,0.047425833,0.045491346,0.115384615,0,0.276260576,0,0,0,0,0,0
17/08/2022,14:20:42,2,Free text,Calibration,3,2,6,4,2022_08_17-14_19_37.xml,None,166,8,"(<NoteRangePerHand.ONE_NOTE: 2>, <NoteRangePerHand.C_TO_G: 6>, [0.5, 0.25], 'right')",,0.653846154,0.094413611,0.133568269,0.038461538,0,0.825875961,0,0,0,0,0,0
17/08/2022,14:21:12,2,Free text,Calibration,3,3,5,5,2022_08_17-14_19_37.xml,None,166,8,"(<NoteRangePerHand.ONE_NOTE: 2>, <NoteRangePerHand.C_TO_G: 6>, [0.5, 0.25], 'right')",,0.115384615,0.074432083,0.061508269,0.076923077,0,0.253815961,0,0,0,0,0,0
17/08/2022,14:24:00,2,Free text,Calibration,4,1,4,5,2022_08_17-14_23_46.xml,None,100,8,"(<NoteRangePerHand.ONE_NOTE: 2>, <NoteRangePerHand.C_TO_G: 6>, [0.5, 0.25], 'right')",,0,0.357027778,0.053782609,0,0,0.053782609,0,0,0,0,0,0
17/08/2022,14:24:34,2,Free text,Calibration,4,2,3,6,2022_08_17-14_23_46.xml,None,100,8,"(<NoteRangePerHand.ONE_NOTE: 2>, <NoteRangePerHand.C_TO_G: 6>, [0.5, 0.25], 'right')",,0,0.347722222,0.048173913,0,0,0.048173913,0,0,0,0,0,0
17/08/2022,14:25:12,2,Free text,Calibration,4,3,3,6,2022_08_17-14_23_46.xml,None,100,8,"(<NoteRangePerHand.ONE_NOTE: 2>, <NoteRangePerHand.C_TO_G: 6>, [0.5, 0.25], 'right')",,0,0.352722222,0.030565217,0,0,0.030565217,0,0,0,0,0,0
17/08/2022,14:27:29,2,Free text,Calibration,5,1,6,4,2022_08_17-14_27_17.xml,None,133,8,"(<NoteRangePerHand.ONE_NOTE: 2>, <NoteRangePerHand.C_TO_G: 6>, [0.5, 0.25], 'right')",,0,0.180567472,0.083479941,0,0.058823529,0.14230347,0,0,0,0,0,0
17/08/2022,14:28:04,2,Free text,Calibration,5,2,6,4,2022_08_17-14_27_17.xml,None,133,8,"(<NoteRangePerHand.ONE_NOTE: 2>, <NoteRangePerHand.C_TO_G: 6>, [0.5, 0.25], 'right')",,0.058823529,0.203261917,0.127242765,0,0,0.186066294,0,0,0,0,0,0
17/08/2022,14:28:45,2,Free text,Calibration,5,3,5,5,2022_08_17-14_27_17.xml,None,133,8,"(<NoteRangePerHand.ONE_NOTE: 2>, <NoteRangePerHand.C_TO_G: 6>, [0.5, 0.25], 'right')",,0,0.190873028,0.056889824,0,0,0.056889824,0,0,0,0,0,0
17/08/2022,14:33:19,2,Free text,Practice,6,1,6,2,2022_08_17-14_33_09.xml,None,195,8,"(<NoteRangePerHand.ONE_NOTE: 2>, <NoteRangePerHand.C_TO_G: 6>, [0.5, 0.25], 'right')",,0.238095238,0.060361,0.014655619,0.619047619,0,0.871798476,0,0,0,0,0,0
17/08/2022,14:33:56,2,Free text,Practice,6,2,6,2,2022_08_17-14_33_09.xml,None,195,8,"(<NoteRangePerHand.ONE_NOTE: 2>, <NoteRangePerHand.C_TO_G: 6>, [0.5, 0.25], 'right')",,0.238095238,0.108959222,0.080846286,0.238095238,0,0.557036762,0,0,0,0,0,0
17/08/2022,14:34:33,2,Free text,Practice,6,3,5,2,2022_08_17-14_33_09.xml,None,195,8,"(<NoteRangePerHand.ONE_NOTE: 2>, <NoteRangePerHand.C_TO_G: 6>, [0.5, 0.25], 'right')",,0.333333333,0.109625889,0.100710667,0.238095238,0,0.672139238,0,0,0,0,0,0
17/08/2022,14:35:00,2,Free text,Practice,6,4,5,3,2022_08_17-14_33_09.xml,None,195,8,"(<NoteRangePerHand.ONE_NOTE: 2>, <NoteRangePerHand.C_TO_G: 6>, [0.5, 0.25], 'right')",,0,0.133683556,0.084904952,0.095238095,0,0.180143047,0,0,0,0,0,0
17/08/2022,14:35:33,2,Free text,Practice,6,5,5,3,2022_08_17-14_33_09.xml,None,195,8,"(<NoteRangePerHand.ONE_NOTE: 2>, <NoteRangePerHand.C_TO_G: 6>, [0.5, 0.25], 'right')",,0.047619048,0.138869444,0.086879238,0.047619048,0,0.182117334,0,0,0,0,0,0
17/08/2022,14:37:09,2,Free text,Test,7,1,4,4,2022_08_17-14_33_09.xml,None,150,8,"(<NoteRangePerHand.ONE_NOTE: 2>, <NoteRangePerHand.C_TO_G: 6>, [0.5, 0.25], 'right')",,0,0.136194222,0.119560571,0,0,0.119560571,0,0,0,0,0,0
17/08/2022,14:39:57,2,Free text,Test,8,1,3,5,2022_08_17-14_39_47.xml,None,150,8,"(<NoteRangePerHand.ONE_NOTE: 2>, <NoteRangePerHand.C_TO_G: 6>, [0.5, 0.25], 'right')",,0,0.08575,0.061666667,0,0,0.061666667,0,0,0,0,0,0
17/08/2022,14:40:25,2,Free text,Test,8,2,4,5,2022_08_17-14_39_47.xml,None,150,8,"(<NoteRangePerHand.ONE_NOTE: 2>, <NoteRangePerHand.C_TO_G: 6>, [0.5, 0.25], 'right')",,0,0.065944444,0.041555556,0.055555556,0,0.097111112,0,0,0,0,0,0
17/08/2022,14:40:53,2,Free text,Test,8,3,4,3,2022_08_17-14_39_47.xml,None,150,8,"(<NoteRangePerHand.ONE_NOTE: 2>, <NoteRangePerHand.C_TO_G: 6>, [0.5, 0.25], 'right')",,0.111111111,0.058944444,0.035722222,0.166666667,0,0.3135,0,0,0,0,0,0
17/08/2022,14:43:48,2,Free text,Practice,9,1,3,5,2022_08_17-14_43_35.xml,None,150,8,"(<NoteRangePerHand.ONE_NOTE: 2>, <NoteRangePerHand.C_TO_G: 6>, [0.5, 0.25], 'right')",,0,0.119944444,0.05926087,0.043478261,0,0.102739131,0,0,0,0,0,0
17/08/2022,14:44:26,2,Free text,Practice,9,2,3,6,2022_08_17-14_43_35.xml,None,150,8,"(<NoteRangePerHand.ONE_NOTE: 2>, <NoteRangePerHand.C_TO_G: 6>, [0.5, 0.25], 'right')",,0,0.112916667,0.035130435,0.043478261,0,0.078608696,0,0,0,0,0,0
17/08/2022,14:45:12,2,Free text,Practice,9,3,3,6,2022_08_17-14_43_35.xml,None,150,8,"(<NoteRangePerHand.ONE_NOTE: 2>, <NoteRangePerHand.C_TO_G: 6>, [0.5, 0.25], 'right')",,0.043478261,0.012666667,0,0.913043478,0,0.956521739,0,0,0,0,0,0
17/08/2022,14:45:42,2,Free text,Practice,9,4,3,5,2022_08_17-14_43_35.xml,None,150,8,"(<NoteRangePerHand.ONE_NOTE: 2>, <NoteRangePerHand.C_TO_G: 6>, [0.5, 0.25], 'right')",,0.043478261,0.105916667,0.056217391,0.086956522,0,0.186652174,0,0,0,0,0,0
17/08/2022,14:46:16,2,Free text,Practice,9,5,3,5,2022_08_17-14_43_35.xml,None,150,8,"(<NoteRangePerHand.ONE_NOTE: 2>, <NoteRangePerHand.C_TO_G: 6>, [0.5, 0.25], 'right')",,0,0.093027778,0.069913043,0.086956522,0,0.156869565,0,0,0,0,0,0
17/08/2022,14:46:46,2,Free text,Practice,9,6,3,3,2022_08_17-14_43_35.xml,None,150,8,"(<NoteRangePerHand.ONE_NOTE: 2>, <NoteRangePerHand.C_TO_G: 6>, [0.5, 0.25], 'right')",,0.217391304,0.108722222,0.101304348,0.173913043,0,0.492608695,0,0,0,0,0,0
17/08/2022,14:49:16,2,Free text,Test,11,1,3,6,2022_08_17-14_49_05.xml,None,150,8,"(<NoteRangePerHand.ONE_NOTE: 2>, <NoteRangePerHand.C_TO_G: 6>, [0.5, 0.25], 'right')",D:/Jason/comp_scaffold/DexmoPiano/output/2022_08_17-14_43_35.mid,0,0.211861111,0.028913043,0,0,0.028913043,0,0,0,0,0,0
17/08/2022,14:51:52,2,Free text,Practice,12,1,2,6,2022_08_17-14_51_42.xml,None,105,8,"(<NoteRangePerHand.ONE_NOTE: 2>, <NoteRangePerHand.C_TO_G: 6>, [0.5, 0.25], 'right')",,0,0.128555444,0.030062435,0,0,0.030062435,0,0,0,0,0,0
17/08/2022,14:52:23,2,Free text,Practice,12,2,2,6,2022_08_17-14_51_42.xml,None,105,8,"(<NoteRangePerHand.ONE_NOTE: 2>, <NoteRangePerHand.C_TO_G: 6>, [0.5, 0.25], 'right')",,0,0.144003667,0.020484348,0,0,0.020484348,0,0,0,0,0,0
17/08/2022,14:52:56,2,Free text,Practice,12,3,2,5,2022_08_17-14_51_42.xml,None,105,8,"(<NoteRangePerHand.ONE_NOTE: 2>, <NoteRangePerHand.C_TO_G: 6>, [0.5, 0.25], 'right')",,0.043478261,0.158309222,0.023596348,0,0,0.067074609,0,0,0,0,0,0
17/08/2022,14:53:32,2,Free text,Practice,12,4,2,4,2022_08_17-14_51_42.xml,None,105,8,"(<NoteRangePerHand.ONE_NOTE: 2>, <NoteRangePerHand.C_TO_G: 6>, [0.5, 0.25], 'right')",,0,0.171087,0.074149043,0,0,0.074149043,0,0,0,0,0,0
17/08/2022,14:54:08,2,Free text,Practice,12,5,2,6,2022_08_17-14_51_42.xml,None,105,8,"(<NoteRangePerHand.ONE_NOTE: 2>, <NoteRangePerHand.C_TO_G: 6>, [0.5, 0.25], 'right')",,0,0.142198111,0.024577913,0,0,0.024577913,0,0,0,0,0,0
17/08/2022,14:55:21,2,Free text,Test,13,1,4,4,2022_08_17-14_51_42.xml,None,150,8,"(<NoteRangePerHand.ONE_NOTE: 2>, <NoteRangePerHand.C_TO_G: 6>, [0.5, 0.25], 'right')",,0,0.226249556,0.203005565,0.043478261,0,0.246483826,0,0,0,0,0,0
17/08/2022,14:57:59,2,Free text,Practice,14,1,3,6,2022_08_17-14_57_50.xml,None,150,8,"(<NoteRangePerHand.ONE_NOTE: 2>, <NoteRangePerHand.C_TO_G: 6>, [0.5, 0.25], 'right')",,0,0.069111111,0.02495,0,0,0.02495,0,0,0,0,0,0
17/08/2022,14:58:27,2,Free text,Practice,14,2,2,6,2022_08_17-14_57_50.xml,None,150,8,"(<NoteRangePerHand.ONE_NOTE: 2>, <NoteRangePerHand.C_TO_G: 6>, [0.5, 0.25], 'right')",,0,0.067527778,0.0194,0,0,0.0194,0,0,0,0,0,0
17/08/2022,14:58:57,2,Free text,Practice,14,3,3,3,2022_08_17-14_57_50.xml,None,150,8,"(<NoteRangePerHand.ONE_NOTE: 2>, <NoteRangePerHand.C_TO_G: 6>, [0.5, 0.25], 'right')",,0.05,0.092055556,0.06045,0.05,0,0.16045,0,0,0,0,0,0
17/08/2022,14:59:30,2,Free text,Practice,14,4,2,6,2022_08_17-14_57_50.xml,None,150,8,"(<NoteRangePerHand.ONE_NOTE: 2>, <NoteRangePerHand.C_TO_G: 6>, [0.5, 0.25], 'right')",,0,0.082388889,0.0219,0,0,0.0219,0,0,0,0,0,0
17/08/2022,14:59:58,2,Free text,Practice,14,5,2,5,2022_08_17-14_57_50.xml,None,150,8,"(<NoteRangePerHand.ONE_NOTE: 2>, <NoteRangePerHand.C_TO_G: 6>, [0.5, 0.25], 'right')",,0,0.066638889,0.0397,0,0,0.0397,0,0,0,0,0,0
17/08/2022,15:00:29,2,Free text,Test,15,1,2,5,2022_08_17-14_57_50.xml,None,150,8,"(<NoteRangePerHand.ONE_NOTE: 2>, <NoteRangePerHand.C_TO_G: 6>, [0.5, 0.25], 'right')",,0.1,0.062611111,0.02885,1.15,0,1.27885,0,0,0,0,0,0
17/08/2022,15:03:22,2,Free text,Retention,18,1,4,5,2022_08_17-15_03_13.xml,None,150,8,"(<NoteRangePerHand.ONE_NOTE: 2>, <NoteRangePerHand.C_TO_G: 6>, [0.5, 0.25], 'right')",D:/Jason/comp_scaffold/DexmoPiano/output/2022_08_17-14_33_09.mid,0,0.186194444,0.040714286,0,0,0.040714286,0,0,0,0,0,0
17/08/2022,15:03:50,2,Free text,Retention,18,2,4,6,2022_08_17-15_03_13.xml,None,150,8,"(<NoteRangePerHand.ONE_NOTE: 2>, <NoteRangePerHand.C_TO_G: 6>, [0.5, 0.25], 'right')",D:/Jason/comp_scaffold/DexmoPiano/output/2022_08_17-14_33_09.mid,0,0.213194444,0.035857143,0,0,0.035857143,0,0,0,0,0,0
17/08/2022,15:04:20,2,Free text,Retention,18,3,3,6,2022_08_17-15_03_13.xml,None,150,8,"(<NoteRangePerHand.ONE_NOTE: 2>, <NoteRangePerHand.C_TO_G: 6>, [0.5, 0.25], 'right')",D:/Jason/comp_scaffold/DexmoPiano/output/2022_08_17-14_33_09.mid,0,0.211888889,0.031571429,0,0,0.031571429,0,0,0,0,0,0
17/08/2022,15:05:08,2,Free text,Retention,19,1,4,4,2022_08_17-15_05_01.xml,None,150,8,"(<NoteRangePerHand.ONE_NOTE: 2>, <NoteRangePerHand.C_TO_G: 6>, [0.5, 0.25], 'right')",D:/Jason/comp_scaffold/DexmoPiano/output/2022_08_17-14_39_47.mid,0,0.175916667,0.095222222,0,0,0.095222222,0,0,0,0,0,0
17/08/2022,15:05:33,2,Free text,Retention,19,2,4,5,2022_08_17-15_05_01.xml,None,150,8,"(<NoteRangePerHand.ONE_NOTE: 2>, <NoteRangePerHand.C_TO_G: 6>, [0.5, 0.25], 'right')",D:/Jason/comp_scaffold/DexmoPiano/output/2022_08_17-14_39_47.mid,0,0.181083333,0.037444444,0,0.055555556,0.093,0,0,0,0,0,0
17/08/2022,15:05:59,2,Free text,Retention,19,3,4,5,2022_08_17-15_05_01.xml,None,150,8,"(<NoteRangePerHand.ONE_NOTE: 2>, <NoteRangePerHand.C_TO_G: 6>, [0.5, 0.25], 'right')",D:/Jason/comp_scaffold/DexmoPiano/output/2022_08_17-14_39_47.mid,0,0.158333333,0.047333333,0,0,0.047333333,0,0,0,0,0,0
17/08/2022,15:06:48,2,Free text,Retention,20,1,5,3,2022_08_17-15_06_40.xml,None,150,8,"(<NoteRangePerHand.ONE_NOTE: 2>, <NoteRangePerHand.C_TO_G: 6>, [0.5, 0.25], 'right')",D:/Jason/comp_scaffold/DexmoPiano/output/2022_08_17-14_43_35.mid,0,0.188777778,0.048086957,0.086956522,0,0.135043479,0,0,0,0,0,0
17/08/2022,15:07:14,2,Free text,Retention,20,2,5,3,2022_08_17-15_06_40.xml,None,150,8,"(<NoteRangePerHand.ONE_NOTE: 2>, <NoteRangePerHand.C_TO_G: 6>, [0.5, 0.25], 'right')",D:/Jason/comp_scaffold/DexmoPiano/output/2022_08_17-14_43_35.mid,0,0.200722222,0.053086957,0.086956522,0,0.140043479,0,0,0,0,0,0
17/08/2022,15:07:40,2,Free text,Retention,20,3,5,3,2022_08_17-15_06_40.xml,None,150,8,"(<NoteRangePerHand.ONE_NOTE: 2>, <NoteRangePerHand.C_TO_G: 6>, [0.5, 0.25], 'right')",D:/Jason/comp_scaffold/DexmoPiano/output/2022_08_17-14_43_35.mid,0,0.192888889,0.052130435,0.086956522,0,0.139086957,0,0,0,0,0,0
17/08/2022,15:09:28,2,Free text,Retention,21,1,5,4,2022_08_17-15_09_19.xml,None,150,8,"(<NoteRangePerHand.ONE_NOTE: 2>, <NoteRangePerHand.C_TO_G: 6>, [0.5, 0.25], 'right')",D:/Jason/comp_scaffold/DexmoPiano/output/2022_08_17-14_51_42.mid,0,0.206,0.03726087,0.043478261,0,0.080739131,0,0,0,0,0,0
17/08/2022,15:09:58,2,Free text,Retention,21,2,4,6,2022_08_17-15_09_19.xml,None,150,8,"(<NoteRangePerHand.ONE_NOTE: 2>, <NoteRangePerHand.C_TO_G: 6>, [0.5, 0.25], 'right')",D:/Jason/comp_scaffold/DexmoPiano/output/2022_08_17-14_51_42.mid,0,0.218277778,0.050391304,0,0,0.050391304,0,0,0,0,0,0
17/08/2022,15:10:25,2,Free text,Retention,21,3,4,4,2022_08_17-15_09_19.xml,None,150,8,"(<NoteRangePerHand.ONE_NOTE: 2>, <NoteRangePerHand.C_TO_G: 6>, [0.5, 0.25], 'right')",D:/Jason/comp_scaffold/DexmoPiano/output/2022_08_17-14_51_42.mid,0,0.220916667,0.053434783,0,0,0.053434783,0,0,0,0,0,0
17/08/2022,15:11:26,2,Free text,Retention,22,1,4,4,2022_08_17-15_09_19.xml,None,150,8,"(<NoteRangePerHand.ONE_NOTE: 2>, <NoteRangePerHand.C_TO_G: 6>, [0.5, 0.25], 'right')",D:/Jason/comp_scaffold/DexmoPiano/output/2022_08_17-14_51_42.mid,0.565217391,0.135972222,0.081173913,0.217391304,0.086956522,0.95073913,0,0,0,0,0,0
17/08/2022,15:11:55,2,Free text,Retention,22,2,4,3,2022_08_17-15_09_19.xml,None,150,8,"(<NoteRangePerHand.ONE_NOTE: 2>, <NoteRangePerHand.C_TO_G: 6>, [0.5, 0.25], 'right')",D:/Jason/comp_scaffold/DexmoPiano/output/2022_08_17-14_51_42.mid,0.47826087,0.144388889,0.192913043,0.173913043,0.043478261,0.888565217,0,0,0,0,0,0
17/08/2022,15:12:23,2,Free text,Retention,22,3,4,3,2022_08_17-15_09_19.xml,None,150,8,"(<NoteRangePerHand.ONE_NOTE: 2>, <NoteRangePerHand.C_TO_G: 6>, [0.5, 0.25], 'right')",D:/Jason/comp_scaffold/DexmoPiano/output/2022_08_17-14_51_42.mid,0.608695652,0.158944444,0.177782609,0.130434783,0,0.916913043,0,0,0,0,0,0
17/08/2022,16:01:14,Enter ID,Free text,None,2,1,1,6,2022_08_17-16_00_52.xml,None,80,8,"(<NoteRangePerHand.ONE_NOTE: 2>, <NoteRangePerHand.TWO_NOTES: 3>, [0.25], 'right')",,0.041666667,0.226888889,0.028708333,0,0,0.070375,0,0,0,0,0,0
17/08/2022,16:04:59,3,Free text,Calibration,3,1,7,2,2022_08_17-16_04_41.xml,None,166,8,"(<NoteRangePerHand.ONE_NOTE: 2>, <NoteRangePerHand.C_TO_G: 6>, [0.5, 0.25], 'right')",,0.4,0.093990972,0.31376675,0.15,0,0.86376675,0,0,0,0,0,0
17/08/2022,16:05:31,3,Free text,Calibration,3,2,7,1,2022_08_17-16_04_41.xml,None,166,8,"(<NoteRangePerHand.ONE_NOTE: 2>, <NoteRangePerHand.C_TO_G: 6>, [0.5, 0.25], 'right')",,0.6,0.067703889,0.04655525,0.2,0,0.84655525,0,0,0,0,0,0
17/08/2022,16:05:57,3,Free text,Calibration,3,3,6,2,2022_08_17-16_04_41.xml,None,166,8,"(<NoteRangePerHand.ONE_NOTE: 2>, <NoteRangePerHand.C_TO_G: 6>, [0.5, 0.25], 'right')",,0.6,0.122824306,0.23269975,0.05,0,0.88269975,0,0,0,0,0,0
17/08/2022,16:08:33,3,Free text,Calibration,4,1,2,5,2022_08_17-16_08_18.xml,None,100,8,"(<NoteRangePerHand.ONE_NOTE: 2>, <NoteRangePerHand.C_TO_G: 6>, [0.5, 0.25], 'right')",,0.380952381,0.157194444,0.021428571,0,0,0.402380952,0,0,0,0,0,0
17/08/2022,16:09:16,3,Free text,Calibration,4,2,3,5,2022_08_17-16_08_18.xml,None,100,8,"(<NoteRangePerHand.ONE_NOTE: 2>, <NoteRangePerHand.C_TO_G: 6>, [0.5, 0.25], 'right')",,0.428571429,0.141305556,0.017047619,0.19047619,0,0.636095238,0,0,0,0,0,0
17/08/2022,16:10:29,3,Free text,Calibration,4,3,3,5,2022_08_17-16_08_18.xml,None,100,8,"(<NoteRangePerHand.ONE_NOTE: 2>, <NoteRangePerHand.C_TO_G: 6>, [0.5, 0.25], 'right')",,0.523809524,0.140666667,0.098285714,0.333333333,0.047619048,1.003047619,0,0,0,0,0,0
17/08/2022,16:11:09,3,Free text,Calibration,4,4,4,3,2022_08_17-16_08_18.xml,None,100,8,"(<NoteRangePerHand.ONE_NOTE: 2>, <NoteRangePerHand.C_TO_G: 6>, [0.5, 0.25], 'right')",,0.333333333,0.231111111,0.140285714,0,0,0.473619047,0,0,0,0,0,0
17/08/2022,16:14:20,3,Free text,Calibration,5,1,3,4,2022_08_17-16_13_59.xml,None,67,8,"(<NoteRangePerHand.ONE_NOTE: 2>, <NoteRangePerHand.C_TO_G: 6>, [0.5, 0.25], 'right')",,0.347826087,0.272680111,0.093623739,0,0.086956522,0.528406348,0,0,0,0,0,0
17/08/2022,16:15:12,3,Free text,Calibration,5,2,3,5,2022_08_17-16_13_59.xml,None,67,8,"(<NoteRangePerHand.ONE_NOTE: 2>, <NoteRangePerHand.C_TO_G: 6>, [0.5, 0.25], 'right')",,0.173913043,0.227361278,0.065839217,0.043478261,0,0.283230521,0,0,0,0,0,0
17/08/2022,16:16:03,3,Free text,Calibration,5,3,3,5,2022_08_17-16_13_59.xml,None,67,8,"(<NoteRangePerHand.ONE_NOTE: 2>, <NoteRangePerHand.C_TO_G: 6>, [0.5, 0.25], 'right')",,0.217391304,0.208069,0.105759913,0,0.086956522,0.410107739,0,0,0,0,0,0
17/08/2022,16:20:46,3,Free text,Practice,6,1,1,7,2022_08_17-16_20_41.xml,None,50,8,"(<NoteRangePerHand.ONE_NOTE: 2>, <NoteRangePerHand.C_TO_G: 6>, [0.5, 0.25], 'right')",,0,0.13425,0.044666667,0,0,0.044666667,0,0,0,0,0,0
17/08/2022,16:21:42,3,Free text,Practice,6,2,2,6,2022_08_17-16_20_41.xml,None,50,8,"(<NoteRangePerHand.ONE_NOTE: 2>, <NoteRangePerHand.C_TO_G: 6>, [0.5, 0.25], 'right')",,0.133333333,0.168944444,0.225066667,0,0.2,0.5584,0,0,0,0,0,0
17/08/2022,16:22:37,3,Free text,Practice,6,3,2,6,2022_08_17-16_20_41.xml,None,50,8,"(<NoteRangePerHand.ONE_NOTE: 2>, <NoteRangePerHand.C_TO_G: 6>, [0.5, 0.25], 'right')",,0.133333333,0.134972222,0.04,0.066666667,0,0.24,0,0,0,0,0,0
17/08/2022,16:23:51,3,Free text,Practice,6,4,1,7,2022_08_17-16_20_41.xml,None,50,8,"(<NoteRangePerHand.ONE_NOTE: 2>, <NoteRangePerHand.C_TO_G: 6>, [0.5, 0.25], 'right')",,0,0.095638889,0.042733333,0,0,0.042733333,0,0,0,0,0,0
17/08/2022,16:24:48,3,Free text,Practice,6,5,1,7,2022_08_17-16_20_41.xml,None,50,8,"(<NoteRangePerHand.ONE_NOTE: 2>, <NoteRangePerHand.C_TO_G: 6>, [0.5, 0.25], 'right')",,0,0.089055556,0.0374,0.066666667,0,0.104066667,0,0,0,0,0,0
17/08/2022,16:26:08,3,Free text,Test,7,1,1,7,2022_08_17-16_20_41.xml,None,50,8,"(<NoteRangePerHand.ONE_NOTE: 2>, <NoteRangePerHand.C_TO_G: 6>, [0.5, 0.25], 'right')",,0.133333333,0.074611111,0.663333333,1.266666667,0,2.063333333,0,0,0,0,0,0
17/08/2022,16:29:03,3,Free text,Test,8,1,1,7,2022_08_17-16_28_59.xml,None,50,8,"(<NoteRangePerHand.ONE_NOTE: 2>, <NoteRangePerHand.C_TO_G: 6>, [0.5, 0.25], 'right')",,0,0.071027778,0.0348,0,0,0.0348,0,0,0,0,0,0
17/08/2022,16:29:55,3,Free text,Test,8,2,1,7,2022_08_17-16_28_59.xml,None,50,8,"(<NoteRangePerHand.ONE_NOTE: 2>, <NoteRangePerHand.C_TO_G: 6>, [0.5, 0.25], 'right')",,0,0.1535,0.04165,0,0,0.04165,0,0,0,0,0,0
17/08/2022,16:30:47,3,Free text,Test,8,3,1,7,2022_08_17-16_28_59.xml,None,50,8,"(<NoteRangePerHand.ONE_NOTE: 2>, <NoteRangePerHand.C_TO_G: 6>, [0.5, 0.25], 'right')",,0,0.108583333,0.04275,0,0,0.04275,0,0,0,0,0,0
17/08/2022,16:33:25,3,Free text,Practice,9,1,1,4,2022_08_17-16_33_14.xml,None,65,8,"(<NoteRangePerHand.ONE_NOTE: 2>, <NoteRangePerHand.C_TO_G: 6>, [0.5, 0.25], 'right')",,0.058823529,0.111903667,0.089530118,0,0.058823529,0.207177176,0,0,0,0,0,0
17/08/2022,16:34:08,3,Free text,Practice,9,2,3,4,2022_08_17-16_33_14.xml,None,65,8,"(<NoteRangePerHand.ONE_NOTE: 2>, <NoteRangePerHand.C_TO_G: 6>, [0.5, 0.25], 'right')",,0,0.096508444,0.084308235,0.058823529,0,0.143131764,0,0,0,0,0,0
17/08/2022,16:34:55,3,Free text,Practice,9,3,3,5,2022_08_17-16_33_14.xml,None,65,8,"(<NoteRangePerHand.ONE_NOTE: 2>, <NoteRangePerHand.C_TO_G: 6>, [0.5, 0.25], 'right')",,0.058823529,0.091668444,0.083249412,0.058823529,0,0.20089647,0,0,0,0,0,0
17/08/2022,16:35:38,3,Free text,Practice,9,4,2,7,2022_08_17-16_33_14.xml,None,65,8,"(<NoteRangePerHand.ONE_NOTE: 2>, <NoteRangePerHand.C_TO_G: 6>, [0.5, 0.25], 'right')",,0,0.170538333,0.044000706,0,0,0.044000706,0,0,0,0,0,0
17/08/2022,16:36:30,3,Free text,Practice,9,5,3,5,2022_08_17-16_33_14.xml,None,65,8,"(<NoteRangePerHand.ONE_NOTE: 2>, <NoteRangePerHand.C_TO_G: 6>, [0.5, 0.25], 'right')",,0.176470588,0.089546778,0.145615765,0,0.058823529,0.380909882,0,0,0,0,0,0
17/08/2022,16:39:07,3,Free text,Test,11,1,1,7,2022_08_17-16_39_01.xml,None,50,8,"(<NoteRangePerHand.ONE_NOTE: 2>, <NoteRangePerHand.C_TO_G: 6>, [0.5, 0.25], 'right')",D:/Jason/comp_scaffold/DexmoPiano/output/2022_08_17-16_33_14.mid,0,0.124305556,0.031764706,0,0,0.031764706,0,0,0,0,0,0
17/08/2022,16:42:17,3,Free text,Practice,12,1,4,4,2022_08_17-16_42_04.xml,None,50,8,"(<NoteRangePerHand.ONE_NOTE: 2>, <NoteRangePerHand.C_TO_G: 6>, [0.5, 0.25], 'right')",,0.32,0.335194444,0.32684,0.08,0.08,0.80684,0,0,0,0,0,0
17/08/2022,16:43:13,3,Free text,Practice,12,2,4,4,2022_08_17-16_42_04.xml,None,50,8,"(<NoteRangePerHand.ONE_NOTE: 2>, <NoteRangePerHand.C_TO_G: 6>, [0.5, 0.25], 'right')",,0.2,0.290222222,0.31256,0,0.04,0.55256,0,0,0,0,0,0
17/08/2022,16:44:05,3,Free text,Practice,12,3,2,6,2022_08_17-16_42_04.xml,None,50,8,"(<NoteRangePerHand.ONE_NOTE: 2>, <NoteRangePerHand.C_TO_G: 6>, [0.5, 0.25], 'right')",,0.12,0.341138889,0.34204,0,0,0.46204,0,0,0,0,0,0
17/08/2022,16:44:59,3,Free text,Practice,12,4,2,7,2022_08_17-16_42_04.xml,None,50,8,"(<NoteRangePerHand.ONE_NOTE: 2>, <NoteRangePerHand.C_TO_G: 6>, [0.5, 0.25], 'right')",,0,0.321027778,0.297,0,0,0.297,0,0,0,0,0,0
17/08/2022,16:45:50,3,Free text,Practice,12,5,2,7,2022_08_17-16_42_04.xml,None,50,8,"(<NoteRangePerHand.ONE_NOTE: 2>, <NoteRangePerHand.C_TO_G: 6>, [0.5, 0.25], 'right')",,0,0.330416667,0.35408,0,0,0.35408,0,0,0,0,0,0
17/08/2022,16:46:50,3,Free text,Test,12,6,2,5,2022_08_17-16_42_04.xml,None,50,8,"(<NoteRangePerHand.ONE_NOTE: 2>, <NoteRangePerHand.C_TO_G: 6>, [0.5, 0.25], 'right')",,0.16,0.289555556,0.36084,0,0,0.52084,0,0,0,0,0,0
17/08/2022,16:47:44,3,Free text,Test,12,7,1,5,2022_08_17-16_42_04.xml,None,50,8,"(<NoteRangePerHand.ONE_NOTE: 2>, <NoteRangePerHand.C_TO_G: 6>, [0.5, 0.25], 'right')",,0.12,0.121611111,0.04304,0,0,0.16304,0,0,0,0,0,0
17/08/2022,16:50:47,3,Free text,Practice,13,1,1,6,2022_08_17-16_50_40.xml,None,40,8,"(<NoteRangePerHand.ONE_NOTE: 2>, <NoteRangePerHand.C_TO_G: 6>, [0.5, 0.25], 'right')",,0,0.213305556,0.12375,0,0,0.12375,0,0,0,0,0,0
17/08/2022,16:51:50,3,Free text,Practice,13,2,1,6,2022_08_17-16_50_40.xml,None,40,8,"(<NoteRangePerHand.ONE_NOTE: 2>, <NoteRangePerHand.C_TO_G: 6>, [0.5, 0.25], 'right')",,0.35,0.349972222,0.77485,0,0.35,1.47485,0,0,0,0,0,0
17/08/2022,16:52:51,3,Free text,Practice,13,3,1,7,2022_08_17-16_50_40.xml,None,40,8,"(<NoteRangePerHand.ONE_NOTE: 2>, <NoteRangePerHand.C_TO_G: 6>, [0.5, 0.25], 'right')",,0,0.163805556,0.12075,0,0,0.12075,0,0,0,0,0,0
17/08/2022,16:53:55,3,Free text,Practice,13,4,1,7,2022_08_17-16_50_40.xml,None,40,8,"(<NoteRangePerHand.ONE_NOTE: 2>, <NoteRangePerHand.C_TO_G: 6>, [0.5, 0.25], 'right')",,0,0.097277778,0.0573,0,0.05,0.1073,0,0,0,0,0,0
17/08/2022,16:55:05,3,Free text,Practice,13,5,1,7,2022_08_17-16_50_40.xml,None,40,8,"(<NoteRangePerHand.ONE_NOTE: 2>, <NoteRangePerHand.C_TO_G: 6>, [0.5, 0.25], 'right')",,0,0.129944444,0.05505,0,0,0.05505,0,0,0,0,0,0
17/08/2022,19:12:53,3,Free text,Retention,14,1,1,7,2022_08_17-19_12_37.xml,None,50,8,"(<NoteRangePerHand.ONE_NOTE: 2>, <NoteRangePerHand.C_TO_G: 6>, [0.5, 0.25], 'right')",D:/Jason/comp_scaffold/DexmoPiano/output/2022_08_17-16_20_41.mid,0.6,0.050777778,0.0394,0,0,0.6394,0,0,0,0,0,0
17/08/2022,19:13:56,3,Free text,Retention,14,2,2,5,2022_08_17-19_12_37.xml,None,50,8,"(<NoteRangePerHand.ONE_NOTE: 2>, <NoteRangePerHand.C_TO_G: 6>, [0.5, 0.25], 'right')",D:/Jason/comp_scaffold/DexmoPiano/output/2022_08_17-16_20_41.mid,0.133333333,0.095305556,0.051866667,0.066666667,0,0.251866667,0,0,0,0,0,0
17/08/2022,19:14:46,3,Free text,Retention,14,3,1,6,2022_08_17-19_12_37.xml,None,50,8,"(<NoteRangePerHand.ONE_NOTE: 2>, <NoteRangePerHand.C_TO_G: 6>, [0.5, 0.25], 'right')",D:/Jason/comp_scaffold/DexmoPiano/output/2022_08_17-16_20_41.mid,0.066666667,0.06075,0.042333333,0,0,0.109,0,0,0,0,0,0
17/08/2022,19:16:29,3,Free text,Retention,15,1,4,3,2022_08_17-19_12_37.xml,None,50,8,"(<NoteRangePerHand.ONE_NOTE: 2>, <NoteRangePerHand.C_TO_G: 6>, [0.5, 0.25], 'right')",D:/Jason/comp_scaffold/DexmoPiano/output/2022_08_17-16_20_41.mid,0.933333333,0.274222222,1.2294,0,0.466666667,2.6294,0,0,0,0,0,0
17/08/2022,19:17:33,3,Free text,Retention,15,2,2,5,2022_08_17-19_12_37.xml,None,50,8,"(<NoteRangePerHand.ONE_NOTE: 2>, <NoteRangePerHand.C_TO_G: 6>, [0.5, 0.25], 'right')",D:/Jason/comp_scaffold/DexmoPiano/output/2022_08_17-16_20_41.mid,0.8,0.255833333,0.664866667,0.066666667,0.4,1.931533333,0,0,0,0,0,0
17/08/2022,19:18:40,3,Free text,Retention,15,3,1,7,2022_08_17-19_12_37.xml,None,50,8,"(<NoteRangePerHand.ONE_NOTE: 2>, <NoteRangePerHand.C_TO_G: 6>, [0.5, 0.25], 'right')",D:/Jason/comp_scaffold/DexmoPiano/output/2022_08_17-16_20_41.mid,0.933333333,0.235694444,0.571066667,0.066666667,0.4,1.971066667,0,0,0,0,0,0
17/08/2022,19:20:45,3,Free text,Retention,16,1,1,7,2022_08_17-19_20_38.xml,None,50,8,"(<NoteRangePerHand.ONE_NOTE: 2>, <NoteRangePerHand.C_TO_G: 6>, [0.5, 0.25], 'right')",D:/Jason/comp_scaffold/DexmoPiano/output/2022_08_17-16_33_14.mid,0,0.131777778,0.052647059,0,0,0.052647059,0,0,0,0,0,0
17/08/2022,19:21:35,3,Free text,Retention,16,2,1,7,2022_08_17-19_20_38.xml,None,50,8,"(<NoteRangePerHand.ONE_NOTE: 2>, <NoteRangePerHand.C_TO_G: 6>, [0.5, 0.25], 'right')",D:/Jason/comp_scaffold/DexmoPiano/output/2022_08_17-16_33_14.mid,0.058823529,0.165555556,0.026529412,0,0,0.085352941,0,0,0,0,0,0
17/08/2022,19:22:26,3,Free text,Retention,16,3,1,7,2022_08_17-19_20_38.xml,None,50,8,"(<NoteRangePerHand.ONE_NOTE: 2>, <NoteRangePerHand.C_TO_G: 6>, [0.5, 0.25], 'right')",D:/Jason/comp_scaffold/DexmoPiano/output/2022_08_17-16_33_14.mid,0.058823529,0.149638889,0.049352941,0,0,0.10817647,0,0,0,0,0,0
17/08/2022,19:24:10,3,Free text,Retention,17,1,2,6,2022_08_17-19_20_38.xml,None,50,8,"(<NoteRangePerHand.ONE_NOTE: 2>, <NoteRangePerHand.C_TO_G: 6>, [0.5, 0.25], 'right')",D:/Jason/comp_scaffold/DexmoPiano/output/2022_08_17-16_33_14.mid,0.941176471,0.215222222,0.867470588,0,0.529411765,2.338058824,0,0,0,0,0,0
17/08/2022,19:25:05,3,Free text,Retention,17,2,1,7,2022_08_17-19_20_38.xml,None,50,8,"(<NoteRangePerHand.ONE_NOTE: 2>, <NoteRangePerHand.C_TO_G: 6>, [0.5, 0.25], 'right')",D:/Jason/comp_scaffold/DexmoPiano/output/2022_08_17-16_33_14.mid,0.941176471,0.171805556,0.589235294,0.058823529,0.529411765,2.118647059,0,0,0,0,0,0
17/08/2022,19:26:05,3,Free text,Retention,17,3,1,7,2022_08_17-19_20_38.xml,None,50,8,"(<NoteRangePerHand.ONE_NOTE: 2>, <NoteRangePerHand.C_TO_G: 6>, [0.5, 0.25], 'right')",D:/Jason/comp_scaffold/DexmoPiano/output/2022_08_17-16_33_14.mid,0.941176471,0.171333333,0.889705882,0,0.470588235,2.301470588,0,0,0,0,0,0
17/08/2022,19:27:18,3,Free text,Retention,18,1,1,7,2022_08_17-19_27_13.xml,None,50,8,"(<NoteRangePerHand.ONE_NOTE: 2>, <NoteRangePerHand.C_TO_G: 6>, [0.5, 0.25], 'right')",D:/Jason/comp_scaffold/DexmoPiano/output/2022_08_17-16_50_40.mid,0,0.130138889,0.08585,0,0,0.08585,0,0,0,0,0,0
17/08/2022,19:28:09,3,Free text,Retention,18,2,1,7,2022_08_17-19_27_13.xml,None,50,8,"(<NoteRangePerHand.ONE_NOTE: 2>, <NoteRangePerHand.C_TO_G: 6>, [0.5, 0.25], 'right')",D:/Jason/comp_scaffold/DexmoPiano/output/2022_08_17-16_50_40.mid,0,0.155972222,0.04995,0,0.05,0.09995,0,0,0,0,0,0
17/08/2022,19:29:01,3,Free text,Retention,18,3,1,6,2022_08_17-19_27_13.xml,None,50,8,"(<NoteRangePerHand.ONE_NOTE: 2>, <NoteRangePerHand.C_TO_G: 6>, [0.5, 0.25], 'right')",D:/Jason/comp_scaffold/DexmoPiano/output/2022_08_17-16_50_40.mid,0,0.159722222,0.087,0,0.05,0.137,0,0,0,0,0,0